-- Sentinela — seed de dados de teste (gerada — ver database/gerar_seed_grande.py
-- na pasta de scratch da sessão que a produziu, random.seed fixo = reprodutível).
-- Hashes bcrypt (custo 12) precomputados — nunca senha em texto plano na coluna.
-- Senhas em texto plano das contas demo: ver CONTAS_DEMO.md.
--
-- 3 empresas, 7 filiais, 37 departamentos,
-- 24 usuários, 120 equipamentos, 23 modelos de
-- componente, 40 softwares, 157 vulnerabilidades no catálogo,
-- 388 ocorrências, 12 manutenções, 7 movimentações.

USE sentinela;

SET FOREIGN_KEY_CHECKS = 0;
TRUNCATE TABLE movimentacao_equipamento;
TRUNCATE TABLE ocorrencia_vulnerabilidade;
TRUNCATE TABLE vulnerabilidade;
TRUNCATE TABLE equipamento_software;
TRUNCATE TABLE software;
TRUNCATE TABLE componente;
TRUNCATE TABLE manutencao;
TRUNCATE TABLE modelo_componente;
TRUNCATE TABLE equipamento;
TRUNCATE TABLE usuario;
TRUNCATE TABLE departamento;
TRUNCATE TABLE filial;
TRUNCATE TABLE empresa;
SET FOREIGN_KEY_CHECKS = 1;

INSERT INTO empresa (id, razao_social, cnpj, email) VALUES
(1, 'TechCorp Soluções Ltda', '12.345.678/0001-90', 'contato@techcorp.com.br'),
(2, 'Meridian Sistemas Ltda', '98.765.432/0001-10', 'contato@meridian.com.br'),
(3, 'Vórtice Indústria e Logística S.A.', '45.678.912/0001-33', 'contato@vortice.com.br');

INSERT INTO filial (id, empresa_id, nome, cidade, uf, endereco) VALUES
(1, 1, 'TechCorp - Matriz Presidente Prudente', 'Presidente Prudente', 'SP', 'Rua José Bonifácio, 450'),
(2, 1, 'TechCorp - Filial Assis', 'Assis', 'SP', 'Av. Rui Barbosa, 1200'),
(3, 1, 'TechCorp - Filial São Paulo', 'São Paulo', 'SP', 'Av. Paulista, 1578'),
(4, 2, 'Meridian - Matriz Cascavel', 'Cascavel', 'PR', 'Av. Brasil, 3300'),
(5, 2, 'Meridian - Filial Foz do Iguaçu', 'Foz do Iguaçu', 'PR', 'Rua Almirante Barroso, 800'),
(6, 3, 'Vórtice - Matriz Campinas', 'Campinas', 'SP', 'Rod. Dom Pedro I, km 132'),
(7, 3, 'Vórtice - Filial Ribeirão Preto', 'Ribeirão Preto', 'SP', 'Av. Presidente Vargas, 2200');

INSERT INTO departamento (id, filial_id, nome) VALUES
(1, 1, 'TI'),
(2, 1, 'Financeiro'),
(3, 1, 'RH'),
(4, 1, 'Comercial'),
(5, 1, 'Segurança da Informação'),
(6, 2, 'TI'),
(7, 2, 'Comercial'),
(8, 2, 'Vendas'),
(9, 2, 'Suporte ao Cliente'),
(10, 2, 'Marketing'),
(11, 3, 'TI'),
(12, 3, 'Marketing'),
(13, 3, 'Jurídico'),
(14, 3, 'Financeiro'),
(15, 3, 'P&D'),
(16, 3, 'Segurança da Informação'),
(17, 4, 'TI'),
(18, 4, 'Comercial'),
(19, 4, 'Suporte'),
(20, 4, 'Desenvolvimento'),
(21, 4, 'QA/Testes'),
(22, 5, 'TI'),
(23, 5, 'Infraestrutura'),
(24, 5, 'Financeiro'),
(25, 5, 'Atendimento'),
(26, 5, 'Administrativo'),
(27, 6, 'TI'),
(28, 6, 'Produção'),
(29, 6, 'Qualidade'),
(30, 6, 'Manutenção Industrial'),
(31, 6, 'Almoxarifado'),
(32, 6, 'Segurança do Trabalho'),
(33, 7, 'TI'),
(34, 7, 'Expedição'),
(35, 7, 'Compras'),
(36, 7, 'Logística'),
(37, 7, 'Administrativo');

INSERT INTO usuario (id, empresa_id, filial_id, departamento_id, nome, email, senha, tipo_acesso) VALUES
(1, 1, NULL, NULL, 'Marcos Andrade', 'marcos.andrade@techcorp.com.br', '$2b$12$eKzOKs7sMosEtU9GtJ/2c.PmnVM8bxAUib4/ParFauOlddvppq43u', 'dono_empresa'),
(2, 2, NULL, NULL, 'Ricardo Alves', 'ricardo.alves@meridian.com.br', '$2b$12$eKzOKs7sMosEtU9GtJ/2c.PmnVM8bxAUib4/ParFauOlddvppq43u', 'dono_empresa'),
(3, 3, NULL, NULL, 'Aline Barbosa', 'aline.barbosa@vortice.com.br', '$2b$12$eKzOKs7sMosEtU9GtJ/2c.PmnVM8bxAUib4/ParFauOlddvppq43u', 'dono_empresa'),
(4, 1, 1, NULL, 'Fernanda Lima', 'fernanda.lima@techcorp.com.br', '$2b$12$pya8flc0koPwaFkzt/swHOdJ9h5KGK1yc30IorbypMyux7dvkS4Hi', 'admin_filial'),
(5, 1, 2, NULL, 'Roberto Dias', 'roberto.dias@techcorp.com.br', '$2b$12$pya8flc0koPwaFkzt/swHOdJ9h5KGK1yc30IorbypMyux7dvkS4Hi', 'admin_filial'),
(6, 1, 3, NULL, 'Camila Rezende', 'camila.rezende@techcorp.com.br', '$2b$12$pya8flc0koPwaFkzt/swHOdJ9h5KGK1yc30IorbypMyux7dvkS4Hi', 'admin_filial'),
(7, 2, 4, NULL, 'Patricia Gomes', 'patricia.gomes@meridian.com.br', '$2b$12$pya8flc0koPwaFkzt/swHOdJ9h5KGK1yc30IorbypMyux7dvkS4Hi', 'admin_filial'),
(8, 2, 5, NULL, 'Eduardo Nunes', 'eduardo.nunes@meridian.com.br', '$2b$12$pya8flc0koPwaFkzt/swHOdJ9h5KGK1yc30IorbypMyux7dvkS4Hi', 'admin_filial'),
(9, 3, 6, NULL, 'Rodrigo Castro', 'rodrigo.castro@vortice.com.br', '$2b$12$pya8flc0koPwaFkzt/swHOdJ9h5KGK1yc30IorbypMyux7dvkS4Hi', 'admin_filial'),
(10, 3, 7, NULL, 'Simone Ferreira', 'simone.ferreira@vortice.com.br', '$2b$12$pya8flc0koPwaFkzt/swHOdJ9h5KGK1yc30IorbypMyux7dvkS4Hi', 'admin_filial'),
(11, 1, 1, 1, 'João Pereira', 'joão.pereira@techcorp.com.br', '$2b$12$HjegXuvFvusVUorWmaLdse/Rz/gBjePNRuoa0V3i1OSkxJtZm72jq', 'colaborador'),
(12, 1, 1, 2, 'Carla Souza', 'carla.souza@techcorp.com.br', '$2b$12$HjegXuvFvusVUorWmaLdse/Rz/gBjePNRuoa0V3i1OSkxJtZm72jq', 'colaborador'),
(13, 1, 2, 6, 'Diego Martins', 'diego.martins@techcorp.com.br', '$2b$12$HjegXuvFvusVUorWmaLdse/Rz/gBjePNRuoa0V3i1OSkxJtZm72jq', 'colaborador'),
(14, 1, 2, 9, 'Beatriz Nogueira', 'beatriz.nogueira@techcorp.com.br', '$2b$12$HjegXuvFvusVUorWmaLdse/Rz/gBjePNRuoa0V3i1OSkxJtZm72jq', 'colaborador'),
(15, 1, 3, 11, 'Thiago Almeida', 'thiago.almeida@techcorp.com.br', '$2b$12$HjegXuvFvusVUorWmaLdse/Rz/gBjePNRuoa0V3i1OSkxJtZm72jq', 'colaborador'),
(16, 1, 3, 12, 'Larissa Prado', 'larissa.prado@techcorp.com.br', '$2b$12$HjegXuvFvusVUorWmaLdse/Rz/gBjePNRuoa0V3i1OSkxJtZm72jq', 'colaborador'),
(17, 2, 4, 17, 'Bruno Costa', 'bruno.costa@meridian.com.br', '$2b$12$HjegXuvFvusVUorWmaLdse/Rz/gBjePNRuoa0V3i1OSkxJtZm72jq', 'colaborador'),
(18, 2, 4, 19, 'Juliana Ramos', 'juliana.ramos@meridian.com.br', '$2b$12$HjegXuvFvusVUorWmaLdse/Rz/gBjePNRuoa0V3i1OSkxJtZm72jq', 'colaborador'),
(19, 2, 5, 22, 'Felipe Rocha', 'felipe.rocha@meridian.com.br', '$2b$12$HjegXuvFvusVUorWmaLdse/Rz/gBjePNRuoa0V3i1OSkxJtZm72jq', 'colaborador'),
(20, 2, 5, 25, 'Vanessa Teixeira', 'vanessa.teixeira@meridian.com.br', '$2b$12$HjegXuvFvusVUorWmaLdse/Rz/gBjePNRuoa0V3i1OSkxJtZm72jq', 'colaborador'),
(21, 3, 6, 27, 'Gustavo Pires', 'gustavo.pires@vortice.com.br', '$2b$12$HjegXuvFvusVUorWmaLdse/Rz/gBjePNRuoa0V3i1OSkxJtZm72jq', 'colaborador'),
(22, 3, 6, 28, 'Renata Farias', 'renata.farias@vortice.com.br', '$2b$12$HjegXuvFvusVUorWmaLdse/Rz/gBjePNRuoa0V3i1OSkxJtZm72jq', 'colaborador'),
(23, 3, 7, 33, 'Lucas Monteiro', 'lucas.monteiro@vortice.com.br', '$2b$12$HjegXuvFvusVUorWmaLdse/Rz/gBjePNRuoa0V3i1OSkxJtZm72jq', 'colaborador'),
(24, 3, 7, 35, 'Priscila Duarte', 'priscila.duarte@vortice.com.br', '$2b$12$HjegXuvFvusVUorWmaLdse/Rz/gBjePNRuoa0V3i1OSkxJtZm72jq', 'colaborador');

INSERT INTO equipamento (id, filial_id, departamento_id, tipo, patrimonio, hostname, endereco_ip, status) VALUES
(1, 1, 1, 'servidor', 'PAT-0001', 'srv01', '192.168.1.10', 'ativo'),
(2, 1, 1, 'servidor', 'PAT-0002', 'srv02', '192.168.1.11', 'ativo'),
(3, 1, 1, 'desktop', 'PAT-0003', 'ti-pc01', '192.168.1.12', 'ativo'),
(4, 1, 1, 'desktop', 'PAT-0004', 'ti-pc02', '192.168.1.13', 'ativo'),
(5, 1, 1, 'desktop', 'PAT-0005', 'ti-pc03', '192.168.1.14', 'ativo'),
(6, 1, 1, 'notebook', 'PAT-0006', 'ti-nb01', '192.168.1.15', 'ativo'),
(7, 1, 1, 'notebook', 'PAT-0007', 'ti-nb02', '192.168.1.16', 'manutencao'),
(8, 1, 1, 'switch', 'PAT-0008', 'sw01', '192.168.1.17', 'ativo'),
(9, 1, 1, 'roteador', 'PAT-0009', 'rt01', '192.168.1.18', 'ativo'),
(10, 1, 4, 'desktop', 'PAT-0010', 'fin-pc01', '192.168.1.19', 'ativo'),
(11, 1, 2, 'desktop', 'PAT-0011', 'fin-pc02', '192.168.1.20', 'manutencao'),
(12, 1, 2, 'desktop', 'PAT-0012', 'fin-pc03', '192.168.1.21', 'ativo'),
(13, 1, 3, 'desktop', 'PAT-0013', 'rh-pc01', '192.168.1.22', 'ativo'),
(14, 1, 3, 'desktop', 'PAT-0014', 'rh-pc02', '192.168.1.23', 'ativo'),
(15, 1, 3, 'impressora', 'PAT-0015', 'rh-imp01', '192.168.1.24', 'ativo'),
(16, 1, 4, 'desktop', 'PAT-0016', 'com-pc01', '192.168.1.25', 'ativo'),
(17, 1, 4, 'desktop', 'PAT-0017', 'com-pc02', '192.168.1.26', 'ativo'),
(18, 1, 4, 'notebook', 'PAT-0018', 'com-nb01', '192.168.1.27', 'ativo'),
(19, 1, 5, 'desktop', 'PAT-0019', 'seg-pc01', '192.168.1.28', 'ativo'),
(20, 1, 5, 'servidor', 'PAT-0020', 'srv-seg01', '192.168.1.29', 'ativo'),
(21, 2, 6, 'servidor', 'PAT-0021', 'srv01', '192.168.2.10', 'ativo'),
(22, 2, 6, 'desktop', 'PAT-0022', 'ti-pc01', '192.168.2.11', 'ativo'),
(23, 2, 6, 'desktop', 'PAT-0023', 'ti-pc02', '192.168.2.12', 'ativo'),
(24, 2, 6, 'switch', 'PAT-0024', 'sw01', '192.168.2.13', 'ativo'),
(25, 2, 6, 'roteador', 'PAT-0025', 'rt01', '192.168.2.14', 'ativo'),
(26, 2, 7, 'desktop', 'PAT-0026', 'com-pc01', '192.168.2.15', 'ativo'),
(27, 2, 7, 'desktop', 'PAT-0027', 'com-pc02', '192.168.2.16', 'ativo'),
(28, 2, 9, 'desktop', 'PAT-0028', 'vnd-pc01', '192.168.2.17', 'ativo'),
(29, 2, 8, 'desktop', 'PAT-0029', 'vnd-pc02', '192.168.2.18', 'ativo'),
(30, 2, 8, 'notebook', 'PAT-0030', 'vnd-nb01', '192.168.2.19', 'ativo'),
(31, 2, 9, 'desktop', 'PAT-0031', 'sup-pc01', '192.168.2.20', 'ativo'),
(32, 2, 9, 'desktop', 'PAT-0032', 'sup-pc02', '192.168.2.21', 'ativo'),
(33, 2, 9, 'notebook', 'PAT-0033', 'sup-nb01', '192.168.2.22', 'ativo'),
(34, 2, 10, 'notebook', 'PAT-0034', 'mkt-nb01', '192.168.2.23', 'ativo'),
(35, 2, 10, 'notebook', 'PAT-0035', 'mkt-nb02', '192.168.2.24', 'ativo'),
(36, 3, 11, 'servidor', 'PAT-0036', 'srv01', '10.0.1.10', 'ativo'),
(37, 3, 11, 'servidor', 'PAT-0037', 'srv02', '10.0.1.11', 'ativo'),
(38, 3, 11, 'desktop', 'PAT-0038', 'ti-pc01', '10.0.1.12', 'ativo'),
(39, 3, 11, 'desktop', 'PAT-0039', 'ti-pc02', '10.0.1.13', 'ativo'),
(40, 3, 11, 'desktop', 'PAT-0040', 'ti-pc03', '10.0.1.14', 'ativo'),
(41, 3, 11, 'notebook', 'PAT-0041', 'ti-nb01', '10.0.1.15', 'ativo'),
(42, 3, 11, 'switch', 'PAT-0042', 'sw01', '10.0.1.16', 'ativo'),
(43, 3, 11, 'switch', 'PAT-0043', 'sw02', '10.0.1.17', 'ativo'),
(44, 3, 15, 'notebook', 'PAT-0044', 'mkt-nb01', '10.0.1.18', 'ativo'),
(45, 3, 12, 'notebook', 'PAT-0045', 'mkt-nb02', '10.0.1.19', 'ativo'),
(46, 3, 12, 'desktop', 'PAT-0046', 'mkt-pc01', '10.0.1.20', 'ativo'),
(47, 3, 13, 'desktop', 'PAT-0047', 'jur-pc01', '10.0.1.21', 'ativo'),
(48, 3, 13, 'desktop', 'PAT-0048', 'jur-pc02', '10.0.1.22', 'ativo'),
(49, 3, 14, 'desktop', 'PAT-0049', 'fin-pc01', '10.0.1.23', 'ativo'),
(50, 3, 14, 'desktop', 'PAT-0050', 'fin-pc02', '10.0.1.24', 'ativo'),
(51, 3, 15, 'notebook', 'PAT-0051', 'pd-nb01', '10.0.1.25', 'ativo'),
(52, 3, 15, 'notebook', 'PAT-0052', 'pd-nb02', '10.0.1.26', 'manutencao'),
(53, 3, 15, 'desktop', 'PAT-0053', 'pd-pc01', '10.0.1.27', 'ativo'),
(54, 3, 16, 'desktop', 'PAT-0054', 'seg-pc01', '10.0.1.28', 'ativo'),
(55, 3, 16, 'servidor', 'PAT-0055', 'srv-seg01', '10.0.1.29', 'ativo'),
(56, 4, 17, 'servidor', 'PAT-0056', 'srv01', '10.1.1.10', 'ativo'),
(57, 4, 17, 'servidor', 'PAT-0057', 'srv02', '10.1.1.11', 'ativo'),
(58, 4, 17, 'desktop', 'PAT-0058', 'ti-pc01', '10.1.1.12', 'ativo'),
(59, 4, 17, 'desktop', 'PAT-0059', 'ti-pc02', '10.1.1.13', 'ativo'),
(60, 4, 17, 'switch', 'PAT-0060', 'sw01', '10.1.1.14', 'ativo'),
(61, 4, 17, 'roteador', 'PAT-0061', 'rt01', '10.1.1.15', 'ativo'),
(62, 4, 19, 'desktop', 'PAT-0062', 'com-pc01', '10.1.1.16', 'ativo'),
(63, 4, 18, 'desktop', 'PAT-0063', 'com-pc02', '10.1.1.17', 'ativo'),
(64, 4, 18, 'notebook', 'PAT-0064', 'com-nb01', '10.1.1.18', 'inativo'),
(65, 4, 19, 'desktop', 'PAT-0065', 'sup-pc01', '10.1.1.19', 'inativo'),
(66, 4, 19, 'desktop', 'PAT-0066', 'sup-pc02', '10.1.1.20', 'ativo'),
(67, 4, 20, 'desktop', 'PAT-0067', 'dev-pc01', '10.1.1.21', 'ativo'),
(68, 4, 20, 'desktop', 'PAT-0068', 'dev-pc02', '10.1.1.22', 'ativo'),
(69, 4, 20, 'desktop', 'PAT-0069', 'dev-pc03', '10.1.1.23', 'ativo'),
(70, 4, 20, 'notebook', 'PAT-0070', 'dev-nb01', '10.1.1.24', 'ativo'),
(71, 4, 20, 'notebook', 'PAT-0071', 'dev-nb02', '10.1.1.25', 'ativo'),
(72, 4, 21, 'desktop', 'PAT-0072', 'qa-pc01', '10.1.1.26', 'ativo'),
(73, 4, 21, 'desktop', 'PAT-0073', 'qa-pc02', '10.1.1.27', 'ativo'),
(74, 5, 22, 'servidor', 'PAT-0074', 'srv01', '10.2.1.10', 'ativo'),
(75, 5, 22, 'servidor', 'PAT-0075', 'srv02', '10.2.1.11', 'ativo'),
(76, 5, 22, 'desktop', 'PAT-0076', 'ti-pc01', '10.2.1.12', 'ativo'),
(77, 5, 22, 'desktop', 'PAT-0077', 'ti-pc02', '10.2.1.13', 'ativo'),
(78, 5, 22, 'switch', 'PAT-0078', 'sw01', '10.2.1.14', 'ativo'),
(79, 5, 23, 'servidor', 'PAT-0079', 'srv-infra01', '10.2.1.15', 'ativo'),
(80, 5, 23, 'desktop', 'PAT-0080', 'infra-pc01', '10.2.1.16', 'ativo'),
(81, 5, 24, 'desktop', 'PAT-0081', 'fin-pc01', '10.2.1.17', 'ativo'),
(82, 5, 24, 'desktop', 'PAT-0082', 'fin-pc02', '10.2.1.18', 'ativo'),
(83, 5, 24, 'desktop', 'PAT-0083', 'atd-pc01', '10.2.1.19', 'ativo'),
(84, 5, 25, 'desktop', 'PAT-0084', 'atd-pc02', '10.2.1.20', 'ativo'),
(85, 5, 25, 'notebook', 'PAT-0085', 'atd-nb01', '10.2.1.21', 'ativo'),
(86, 5, 26, 'notebook', 'PAT-0086', 'adm-nb01', '10.2.1.22', 'ativo'),
(87, 5, 26, 'notebook', 'PAT-0087', 'adm-nb02', '10.2.1.23', 'ativo'),
(88, 6, 27, 'servidor', 'PAT-0088', 'srv-mes01', '10.3.1.10', 'ativo'),
(89, 6, 27, 'servidor', 'PAT-0089', 'srv-mes02', '10.3.1.11', 'ativo'),
(90, 6, 27, 'desktop', 'PAT-0090', 'ti-pc01', '10.3.1.12', 'ativo'),
(91, 6, 27, 'desktop', 'PAT-0091', 'ti-pc02', '10.3.1.13', 'ativo'),
(92, 6, 27, 'switch', 'PAT-0092', 'sw01', '10.3.1.14', 'ativo'),
(93, 6, 27, 'roteador', 'PAT-0093', 'rt01', '10.3.1.15', 'ativo'),
(94, 6, 30, 'desktop', 'PAT-0094', 'prod-pc01', '10.3.1.16', 'ativo'),
(95, 6, 28, 'desktop', 'PAT-0095', 'prod-pc02', '10.3.1.17', 'ativo'),
(96, 6, 28, 'desktop', 'PAT-0096', 'prod-pc03', '10.3.1.18', 'ativo'),
(97, 6, 28, 'desktop', 'PAT-0097', 'prod-pc04', '10.3.1.19', 'ativo'),
(98, 6, 29, 'notebook', 'PAT-0098', 'qual-nb01', '10.3.1.20', 'ativo'),
(99, 6, 29, 'notebook', 'PAT-0099', 'qual-nb02', '10.3.1.21', 'ativo'),
(100, 6, 29, 'desktop', 'PAT-0100', 'qual-pc01', '10.3.1.22', 'ativo'),
(101, 6, 30, 'desktop', 'PAT-0101', 'mnt-pc01', '10.3.1.23', 'ativo'),
(102, 6, 30, 'desktop', 'PAT-0102', 'mnt-pc02', '10.3.1.24', 'ativo'),
(103, 6, 31, 'desktop', 'PAT-0103', 'alm-pc01', '10.3.1.25', 'ativo'),
(104, 6, 31, 'desktop', 'PAT-0104', 'alm-pc02', '10.3.1.26', 'ativo'),
(105, 6, 32, 'notebook', 'PAT-0105', 'sst-nb01', '10.3.1.27', 'ativo'),
(106, 7, 33, 'servidor', 'PAT-0106', 'srv01', '10.4.1.10', 'ativo'),
(107, 7, 33, 'desktop', 'PAT-0107', 'ti-pc01', '10.4.1.11', 'ativo'),
(108, 7, 33, 'desktop', 'PAT-0108', 'ti-pc02', '10.4.1.12', 'ativo'),
(109, 7, 33, 'switch', 'PAT-0109', 'sw01', '10.4.1.13', 'ativo'),
(110, 7, 34, 'desktop', 'PAT-0110', 'exp-pc01', '10.4.1.14', 'ativo'),
(111, 7, 34, 'desktop', 'PAT-0111', 'exp-pc02', '10.4.1.15', 'ativo'),
(112, 7, 34, 'notebook', 'PAT-0112', 'exp-nb01', '10.4.1.16', 'ativo'),
(113, 7, 33, 'desktop', 'PAT-0113', 'compras-pc01', '10.4.1.17', 'ativo'),
(114, 7, 35, 'desktop', 'PAT-0114', 'compras-pc02', '10.4.1.18', 'ativo'),
(115, 7, 35, 'impressora', 'PAT-0115', 'compras-imp01', '10.4.1.19', 'ativo'),
(116, 7, 36, 'desktop', 'PAT-0116', 'log-pc01', '10.4.1.20', 'ativo'),
(117, 7, 36, 'desktop', 'PAT-0117', 'log-pc02', '10.4.1.21', 'ativo'),
(118, 7, 36, 'notebook', 'PAT-0118', 'log-nb01', '10.4.1.22', 'ativo'),
(119, 7, 37, 'notebook', 'PAT-0119', 'adm-nb01', '10.4.1.23', 'ativo'),
(120, 7, 37, 'notebook', 'PAT-0120', 'adm-nb02', '10.4.1.24', 'ativo');

INSERT INTO modelo_componente (id, tipo, fabricante, modelo) VALUES
(1, 'cpu', 'Intel', 'Core i5-10400'),
(2, 'cpu', 'Intel', 'Core i7-11700'),
(3, 'cpu', 'Intel', 'Xeon E-2336'),
(4, 'cpu', 'AMD', 'Ryzen 5 5600X'),
(5, 'cpu', 'AMD', 'Ryzen 7 5800X'),
(6, 'cpu', 'AMD', 'EPYC 7302'),
(7, 'ram', 'Kingston', 'Fury 8GB DDR4 3200MHz'),
(8, 'ram', 'Corsair', 'Vengeance 16GB DDR4 3200MHz'),
(9, 'ram', 'Crucial', '32GB DDR4 2666MHz ECC'),
(10, 'ram', 'Kingston', 'Server Premier 64GB DDR4 ECC'),
(11, 'hd', 'Seagate', 'Barracuda 1TB'),
(12, 'hd', 'Seagate', 'Exos 4TB'),
(13, 'ssd', 'Samsung', '870 EVO 500GB'),
(14, 'ssd', 'WD', 'Blue SN570 1TB NVMe'),
(15, 'ssd', 'Kingston', 'NV2 2TB NVMe'),
(16, 'placa_mae', 'Asus', 'Prime B460M-A'),
(17, 'placa_mae', 'Gigabyte', 'B550M DS3H'),
(18, 'placa_mae', 'Dell', 'PowerEdge R740 Mainboard'),
(19, 'placa_mae', 'Supermicro', 'X11SPL-F'),
(20, 'fonte', 'Corsair', 'CV550 550W'),
(21, 'fonte', 'Seasonic', 'Focus GX-750'),
(22, 'outro', 'NVIDIA', 'Quadro P620'),
(23, 'outro', 'Intel', 'Ethernet X550 Dual Port NIC');

INSERT INTO manutencao (id, equipamento_id, data, descricao, status) VALUES
(1, 58, '2024-11-01 09:30:00', 'Troca de peça com falha de leitura recorrente detectada em diagnóstico', 'concluida'),
(2, 96, '2025-01-15 10:00:00', 'Equipamento não liga, fonte de alimentação suspeita de falha', 'concluida'),
(3, 49, '2025-02-10 11:00:00', 'Reparo de superaquecimento, peça substituída, aguardando testes finais', 'aberta'),
(4, 71, '2024-05-10 08:30:00', 'Manutenção preventiva trimestral — limpeza e verificação de hardware', 'concluida'),
(5, 107, '2024-06-20 09:00:00', 'Lentidão reportada pelo usuário, diagnóstico em andamento', 'aberta'),
(6, 1, '2024-07-05 14:00:00', 'Toner vazado, limpeza interna e substituição de peça', 'concluida'),
(7, 39, '2024-08-15 10:00:00', 'Reinicializações aleatórias, investigando causa raiz', 'aberta'),
(8, 37, '2024-09-25 11:00:00', 'Atualização de firmware e checagem de integridade', 'concluida'),
(9, 27, '2024-10-30 09:30:00', 'Ruído incomum na ventoinha, troca de cooler realizada', 'concluida'),
(10, 56, '2024-12-01 13:00:00', 'Porta de rede com falha intermitente, cabo e conector revisados', 'aberta'),
(11, 101, '2025-01-10 08:00:00', 'Tela com falha de exibição, painel testado e aprovado', 'concluida'),
(12, 75, '2025-02-20 15:30:00', 'Bateria não retém carga, avaliação para substituição', 'aberta');

INSERT INTO componente (id, equipamento_id, modelo_componente_id, manutencao_id, status, data_instalacao, data_remocao) VALUES
(1, 1, 2, NULL, 'ativo', '2024-01-01 08:00:00', NULL),
(2, 1, 7, NULL, 'ativo', '2024-02-01 08:00:00', NULL),
(3, 2, 1, NULL, 'ativo', '2023-05-01 08:00:00', NULL),
(4, 2, 9, NULL, 'ativo', '2022-09-01 08:00:00', NULL),
(5, 3, 22, NULL, 'ativo', '2023-02-01 08:00:00', NULL),
(6, 4, 17, NULL, 'ativo', '2022-05-01 08:00:00', NULL),
(7, 10, 16, NULL, 'ativo', '2024-07-01 08:00:00', NULL),
(8, 12, 20, NULL, 'ativo', '2024-01-01 08:00:00', NULL),
(9, 14, 14, NULL, 'ativo', '2023-08-01 08:00:00', NULL),
(10, 16, 16, NULL, 'ativo', '2022-03-01 08:00:00', NULL),
(11, 20, 2, NULL, 'ativo', '2023-06-01 08:00:00', NULL),
(12, 20, 9, NULL, 'ativo', '2024-02-01 08:00:00', NULL),
(13, 21, 6, NULL, 'ativo', '2023-08-01 08:00:00', NULL),
(14, 21, 7, NULL, 'ativo', '2024-04-01 08:00:00', NULL),
(15, 23, 21, NULL, 'ativo', '2022-04-01 08:00:00', NULL),
(16, 27, 12, NULL, 'ativo', '2022-04-01 08:00:00', NULL),
(17, 29, 15, NULL, 'ativo', '2024-02-01 08:00:00', NULL),
(18, 31, 16, NULL, 'ativo', '2022-07-01 08:00:00', NULL),
(19, 36, 3, NULL, 'ativo', '2023-08-01 08:00:00', NULL),
(20, 36, 10, NULL, 'ativo', '2022-09-01 08:00:00', NULL),
(21, 37, 1, NULL, 'ativo', '2022-03-01 08:00:00', NULL),
(22, 37, 10, NULL, 'ativo', '2024-09-01 08:00:00', NULL),
(23, 38, 11, NULL, 'ativo', '2023-02-01 08:00:00', NULL),
(24, 46, 22, NULL, 'ativo', '2023-06-01 08:00:00', NULL),
(25, 49, 12, NULL, 'substituido', '2024-05-01 08:00:00', '2025-02-10 11:00:00'),
(26, 55, 5, NULL, 'ativo', '2023-09-01 08:00:00', NULL),
(27, 55, 8, NULL, 'ativo', '2023-05-01 08:00:00', NULL),
(28, 56, 2, NULL, 'ativo', '2022-02-01 08:00:00', NULL),
(29, 56, 9, NULL, 'ativo', '2023-03-01 08:00:00', NULL),
(30, 57, 1, NULL, 'ativo', '2023-03-01 08:00:00', NULL),
(31, 57, 8, NULL, 'ativo', '2024-04-01 08:00:00', NULL),
(32, 58, 12, NULL, 'substituido', '2023-03-01 08:00:00', '2024-11-01 09:30:00'),
(33, 66, 14, NULL, 'ativo', '2022-06-01 08:00:00', NULL),
(34, 72, 22, NULL, 'ativo', '2023-02-01 08:00:00', NULL),
(35, 74, 4, NULL, 'ativo', '2024-08-01 08:00:00', NULL),
(36, 74, 8, NULL, 'ativo', '2022-09-01 08:00:00', NULL),
(37, 75, 2, NULL, 'ativo', '2024-08-01 08:00:00', NULL),
(38, 75, 7, NULL, 'ativo', '2023-04-01 08:00:00', NULL),
(39, 79, 2, NULL, 'ativo', '2022-07-01 08:00:00', NULL),
(40, 79, 10, NULL, 'ativo', '2023-03-01 08:00:00', NULL),
(41, 80, 23, NULL, 'ativo', '2022-08-01 08:00:00', NULL),
(42, 81, 21, NULL, 'ativo', '2022-07-01 08:00:00', NULL),
(43, 83, 12, NULL, 'ativo', '2024-07-01 08:00:00', NULL),
(44, 84, 21, NULL, 'ativo', '2023-08-01 08:00:00', NULL),
(45, 88, 4, NULL, 'ativo', '2024-04-01 08:00:00', NULL),
(46, 88, 9, NULL, 'ativo', '2022-01-01 08:00:00', NULL),
(47, 89, 1, NULL, 'ativo', '2022-09-01 08:00:00', NULL),
(48, 89, 8, NULL, 'ativo', '2024-01-01 08:00:00', NULL),
(49, 91, 12, NULL, 'ativo', '2024-02-01 08:00:00', NULL),
(50, 96, 20, NULL, 'substituido', '2023-08-01 08:00:00', '2025-01-15 10:00:00'),
(51, 97, 20, NULL, 'ativo', '2022-07-01 08:00:00', NULL),
(52, 100, 22, NULL, 'ativo', '2023-05-01 08:00:00', NULL),
(53, 101, 23, NULL, 'ativo', '2023-09-01 08:00:00', NULL),
(54, 106, 2, NULL, 'ativo', '2023-03-01 08:00:00', NULL),
(55, 106, 10, NULL, 'ativo', '2022-03-01 08:00:00', NULL),
(56, 113, 15, NULL, 'ativo', '2023-08-01 08:00:00', NULL),
(57, 114, 17, NULL, 'ativo', '2023-02-01 08:00:00', NULL),
(58, 117, 13, NULL, 'ativo', '2022-07-01 08:00:00', NULL),
(59, 58, 11, 1, 'ativo', '2024-11-01 09:30:00', NULL),
(60, 96, 21, 2, 'ativo', '2025-01-15 10:00:00', NULL),
(61, 49, 11, 3, 'ativo', '2025-02-10 11:00:00', NULL);

INSERT INTO software (id, nome, fabricante, versao) VALUES
(1, 'Windows 10 Pro', 'Microsoft', '22H2'),
(2, 'Windows 11 Pro', 'Microsoft', '23H2'),
(3, 'Windows 10 Enterprise', 'Microsoft', '22H2'),
(4, 'Windows Server 2019', 'Microsoft', '2019'),
(5, 'Windows Server 2022', 'Microsoft', '2022'),
(6, 'Ubuntu Desktop', 'Canonical', '22.04 LTS'),
(7, 'Ubuntu Server', 'Canonical', '22.04 LTS'),
(8, 'Red Hat Enterprise Linux', 'Red Hat', '9.3'),
(9, 'CentOS Stream', 'The CentOS Project', '9'),
(10, 'Debian', 'Debian Project', '12'),
(11, 'Microsoft Office', 'Microsoft', '2021'),
(12, 'LibreOffice', 'The Document Foundation', '7.6'),
(13, 'Adobe Acrobat Reader DC', 'Adobe', '2024.001'),
(14, 'Google Chrome', 'Google', '124.0'),
(15, 'Mozilla Firefox ESR', 'Mozilla', '115.0'),
(16, 'Microsoft Edge', 'Microsoft', '124.0'),
(17, 'MySQL Server', 'Oracle', '8.0'),
(18, 'PostgreSQL', 'PostgreSQL Global Development Group', '15.4'),
(19, 'Microsoft SQL Server', 'Microsoft', '2022'),
(20, 'MongoDB', 'MongoDB Inc.', '7.0'),
(21, 'Oracle Database', 'Oracle', '19c'),
(22, 'Visual Studio Code', 'Microsoft', '1.88'),
(23, 'Docker Desktop', 'Docker Inc.', '4.29'),
(24, 'Git', 'Software Freedom Conservancy', '2.44'),
(25, 'Python', 'Python Software Foundation', '3.11'),
(26, 'Node.js', 'OpenJS Foundation', '20.12'),
(27, 'Java JDK', 'Oracle', '17'),
(28, 'Kaspersky Endpoint Security', 'Kaspersky', '11.11'),
(29, 'ESET NOD32 Antivirus', 'ESET', '17.0'),
(30, 'Cisco AnyConnect VPN', 'Cisco', '4.10'),
(31, 'Veeam Backup & Replication', 'Veeam', '12'),
(32, 'TeamViewer', 'TeamViewer', '15'),
(33, 'AnyDesk', 'AnyDesk Software', '8.0'),
(34, '7-Zip', 'Igor Pavlov', '23.01'),
(35, 'WinRAR', 'RARLAB', '6.24'),
(36, 'SAP Business One', 'SAP', '10.0'),
(37, 'AutoCAD', 'Autodesk', '2024'),
(38, 'TIA Portal', 'Siemens', 'V18'),
(39, 'Zoom', 'Zoom Video Communications', '5.17'),
(40, 'Microsoft Teams', 'Microsoft', '24070');

INSERT INTO equipamento_software (id, equipamento_id, software_id, data_instalacao, chave_licenca, validade_licenca) VALUES
(1, 1, 9, '2022-09-16 10:00:00', NULL, NULL),
(2, 2, 10, '2022-04-22 12:00:00', NULL, NULL),
(3, 2, 21, '2022-04-05 08:00:00', 'LIC-21-0002', '2023-04-05'),
(4, 3, 2, '2023-08-13 11:00:00', 'LIC-02-0003', '2024-08-13'),
(5, 3, 33, '2024-12-01 09:00:00', 'LIC-33-0003', '2026-12-01'),
(6, 3, 12, '2022-03-26 16:00:00', NULL, NULL),
(7, 3, 25, '2023-01-18 11:00:00', NULL, NULL),
(8, 3, 26, '2022-08-05 15:00:00', NULL, NULL),
(9, 3, 30, '2024-09-18 17:00:00', 'LIC-30-0003', '2026-09-18'),
(10, 4, 6, '2023-05-25 11:00:00', NULL, NULL),
(11, 4, 32, '2024-05-25 16:00:00', 'LIC-32-0004', '2026-05-25'),
(12, 4, 35, '2024-04-09 15:00:00', 'LIC-35-0004', '2025-04-09'),
(13, 4, 27, '2024-05-08 12:00:00', 'LIC-27-0004', '2026-05-08'),
(14, 5, 3, '2024-04-03 14:00:00', 'LIC-03-0005', '2026-04-03'),
(15, 5, 13, '2023-09-15 14:00:00', 'LIC-13-0005', '2024-09-15'),
(16, 5, 23, '2022-07-13 17:00:00', 'LIC-23-0005', '2025-07-13'),
(17, 5, 28, '2022-10-13 15:00:00', 'LIC-28-0005', '2023-10-13'),
(18, 6, 3, '2023-01-13 13:00:00', 'LIC-03-0006', '2026-01-13'),
(19, 6, 34, '2024-07-24 10:00:00', NULL, NULL),
(20, 6, 40, '2023-03-20 16:00:00', 'LIC-40-0006', '2024-03-20'),
(21, 6, 25, '2023-10-19 08:00:00', NULL, NULL),
(22, 6, 29, '2022-11-14 10:00:00', 'LIC-29-0006', '2024-11-14'),
(23, 7, 2, '2023-07-09 14:00:00', 'LIC-02-0007', '2025-07-09'),
(24, 7, 15, '2022-08-01 16:00:00', NULL, NULL),
(25, 7, 24, '2022-06-08 09:00:00', NULL, NULL),
(26, 7, 23, '2024-01-25 08:00:00', 'LIC-23-0007', '2025-01-25'),
(27, 10, 2, '2023-11-04 17:00:00', 'LIC-02-0010', '2024-11-04'),
(28, 10, 33, '2023-12-09 13:00:00', 'LIC-33-0010', '2024-12-09'),
(29, 10, 28, '2024-10-24 09:00:00', 'LIC-28-0010', '2025-10-24'),
(30, 11, 3, '2024-11-13 14:00:00', 'LIC-03-0011', '2027-11-13'),
(31, 11, 33, '2022-02-19 11:00:00', 'LIC-33-0011', '2023-02-19'),
(32, 11, 29, '2024-05-28 17:00:00', 'LIC-29-0011', '2025-05-28'),
(33, 12, 1, '2022-09-21 13:00:00', 'LIC-01-0012', '2023-09-21'),
(34, 12, 32, '2023-08-04 14:00:00', 'LIC-32-0012', '2025-08-04'),
(35, 12, 34, '2024-08-23 10:00:00', NULL, NULL),
(36, 13, 6, '2024-05-20 16:00:00', NULL, NULL),
(37, 13, 40, '2023-08-14 17:00:00', 'LIC-40-0013', '2025-08-14'),
(38, 14, 3, '2022-08-19 17:00:00', 'LIC-03-0014', '2025-08-19'),
(39, 14, 12, '2023-06-01 15:00:00', NULL, NULL),
(40, 14, 29, '2023-03-16 11:00:00', 'LIC-29-0014', '2025-03-16'),
(41, 16, 3, '2023-09-01 16:00:00', 'LIC-03-0016', '2024-09-01'),
(42, 16, 15, '2022-04-24 14:00:00', NULL, NULL),
(43, 16, 33, '2023-09-25 11:00:00', 'LIC-33-0016', '2026-09-25'),
(44, 17, 6, '2023-12-08 12:00:00', NULL, NULL),
(45, 17, 35, '2024-10-12 15:00:00', 'LIC-35-0017', '2027-10-12'),
(46, 17, 11, '2024-06-14 16:00:00', 'LIC-11-0017', '2026-06-14'),
(47, 17, 28, '2023-12-15 12:00:00', 'LIC-28-0017', '2025-12-15'),
(48, 18, 3, '2023-02-24 16:00:00', 'LIC-03-0018', '2026-02-24'),
(49, 18, 12, '2022-04-07 15:00:00', NULL, NULL),
(50, 19, 3, '2022-05-01 16:00:00', 'LIC-03-0019', '2023-05-01'),
(51, 19, 12, '2023-01-02 16:00:00', NULL, NULL),
(52, 19, 14, '2023-12-05 15:00:00', NULL, NULL),
(53, 19, 29, '2022-01-19 12:00:00', 'LIC-29-0019', '2024-01-19'),
(54, 20, 8, '2023-02-27 09:00:00', NULL, NULL),
(55, 20, 18, '2023-08-03 17:00:00', 'LIC-18-0020', '2026-08-03'),
(56, 21, 10, '2022-04-04 16:00:00', NULL, NULL),
(57, 21, 18, '2023-10-20 17:00:00', 'LIC-18-0021', '2024-10-20'),
(58, 22, 6, '2024-12-04 11:00:00', NULL, NULL),
(59, 22, 35, '2024-04-09 09:00:00', 'LIC-35-0022', '2025-04-09'),
(60, 22, 15, '2022-03-18 09:00:00', NULL, NULL),
(61, 22, 24, '2022-01-14 15:00:00', NULL, NULL),
(62, 22, 26, '2024-10-16 12:00:00', NULL, NULL),
(63, 23, 1, '2023-11-19 11:00:00', 'LIC-01-0023', '2025-11-19'),
(64, 23, 15, '2022-09-08 10:00:00', NULL, NULL),
(65, 23, 27, '2023-03-03 08:00:00', 'LIC-27-0023', '2024-03-03'),
(66, 23, 25, '2023-10-24 17:00:00', NULL, NULL),
(67, 23, 28, '2023-08-04 15:00:00', 'LIC-28-0023', '2026-08-04'),
(68, 26, 3, '2023-02-20 08:00:00', 'LIC-03-0026', '2025-02-20'),
(69, 26, 15, '2024-06-20 12:00:00', NULL, NULL),
(70, 26, 32, '2022-02-08 17:00:00', 'LIC-32-0026', '2025-02-08'),
(71, 27, 1, '2022-08-17 15:00:00', 'LIC-01-0027', '2024-08-17'),
(72, 27, 33, '2022-10-14 15:00:00', 'LIC-33-0027', '2023-10-14'),
(73, 27, 11, '2023-06-14 13:00:00', 'LIC-11-0027', '2025-06-14'),
(74, 28, 1, '2023-05-22 14:00:00', 'LIC-01-0028', '2026-05-22'),
(75, 28, 16, '2022-08-03 13:00:00', NULL, NULL),
(76, 29, 3, '2022-11-28 16:00:00', 'LIC-03-0029', '2024-11-28'),
(77, 29, 12, '2023-01-07 16:00:00', NULL, NULL),
(78, 29, 34, '2023-10-25 15:00:00', NULL, NULL),
(79, 30, 6, '2023-08-23 15:00:00', NULL, NULL),
(80, 30, 14, '2022-01-21 17:00:00', NULL, NULL),
(81, 30, 28, '2022-12-06 12:00:00', 'LIC-28-0030', '2025-12-06'),
(82, 31, 1, '2022-08-04 10:00:00', 'LIC-01-0031', '2024-08-04'),
(83, 31, 12, '2024-05-17 12:00:00', NULL, NULL),
(84, 31, 14, '2023-08-16 11:00:00', NULL, NULL),
(85, 32, 6, '2024-12-05 09:00:00', NULL, NULL),
(86, 32, 34, '2023-07-11 16:00:00', NULL, NULL),
(87, 32, 30, '2023-01-10 12:00:00', 'LIC-30-0032', '2026-01-10'),
(88, 33, 6, '2023-06-18 16:00:00', NULL, NULL),
(89, 33, 35, '2023-08-11 11:00:00', 'LIC-35-0033', '2026-08-11'),
(90, 34, 2, '2023-12-26 14:00:00', 'LIC-02-0034', '2025-12-26'),
(91, 34, 14, '2024-11-05 15:00:00', NULL, NULL),
(92, 34, 34, '2022-03-17 17:00:00', NULL, NULL),
(93, 34, 30, '2023-02-28 15:00:00', 'LIC-30-0034', '2024-02-28'),
(94, 35, 6, '2022-02-16 12:00:00', NULL, NULL),
(95, 35, 40, '2023-10-23 14:00:00', 'LIC-40-0035', '2026-10-23'),
(96, 35, 30, '2022-06-28 16:00:00', 'LIC-30-0035', '2024-06-28'),
(97, 36, 7, '2024-01-20 09:00:00', NULL, NULL),
(98, 37, 5, '2024-02-14 09:00:00', 'LIC-05-0037', '2027-02-14'),
(99, 38, 1, '2023-06-12 14:00:00', 'LIC-01-0038', '2024-06-12'),
(100, 38, 13, '2022-09-14 17:00:00', 'LIC-13-0038', '2025-09-14'),
(101, 38, 15, '2022-03-06 09:00:00', NULL, NULL),
(102, 38, 22, '2024-07-20 11:00:00', NULL, NULL),
(103, 38, 28, '2023-10-05 11:00:00', 'LIC-28-0038', '2025-10-05'),
(104, 39, 3, '2024-09-06 09:00:00', 'LIC-03-0039', '2026-09-06'),
(105, 39, 15, '2023-10-10 14:00:00', NULL, NULL),
(106, 39, 39, '2024-05-15 12:00:00', 'LIC-39-0039', '2025-05-15'),
(107, 39, 25, '2023-08-04 11:00:00', NULL, NULL),
(108, 40, 6, '2024-12-02 17:00:00', NULL, NULL),
(109, 40, 33, '2024-08-27 12:00:00', 'LIC-33-0040', '2025-08-27'),
(110, 40, 15, '2024-06-08 11:00:00', NULL, NULL),
(111, 40, 22, '2024-05-22 10:00:00', NULL, NULL),
(112, 40, 25, '2024-02-21 08:00:00', NULL, NULL),
(113, 40, 30, '2023-08-02 17:00:00', 'LIC-30-0040', '2025-08-02'),
(114, 41, 2, '2024-06-17 16:00:00', 'LIC-02-0041', '2026-06-17'),
(115, 41, 15, '2022-05-27 15:00:00', NULL, NULL),
(116, 41, 27, '2023-12-28 13:00:00', 'LIC-27-0041', '2024-12-28'),
(117, 41, 25, '2023-02-05 11:00:00', NULL, NULL),
(118, 41, 28, '2024-12-22 14:00:00', 'LIC-28-0041', '2027-12-22'),
(119, 44, 3, '2023-06-22 12:00:00', 'LIC-03-0044', '2026-06-22'),
(120, 44, 34, '2023-11-12 09:00:00', NULL, NULL),
(121, 44, 24, '2024-04-16 08:00:00', NULL, NULL),
(122, 45, 3, '2024-05-21 14:00:00', 'LIC-03-0045', '2025-05-21'),
(123, 45, 39, '2022-01-02 12:00:00', 'LIC-39-0045', '2024-01-02'),
(124, 45, 29, '2022-02-08 16:00:00', 'LIC-29-0045', '2023-02-08'),
(125, 46, 6, '2024-09-14 17:00:00', NULL, NULL),
(126, 46, 16, '2024-12-05 14:00:00', NULL, NULL),
(127, 46, 39, '2024-02-27 15:00:00', 'LIC-39-0046', '2027-02-27'),
(128, 47, 6, '2022-06-04 13:00:00', NULL, NULL),
(129, 47, 11, '2024-11-12 08:00:00', 'LIC-11-0047', '2026-11-12'),
(130, 47, 16, '2023-04-04 15:00:00', NULL, NULL),
(131, 47, 29, '2022-11-07 17:00:00', 'LIC-29-0047', '2023-11-07'),
(132, 48, 1, '2022-02-27 16:00:00', 'LIC-01-0048', '2023-02-27'),
(133, 48, 14, '2024-04-27 11:00:00', NULL, NULL),
(134, 48, 13, '2023-03-26 17:00:00', 'LIC-13-0048', '2024-03-26'),
(135, 49, 3, '2022-02-22 08:00:00', 'LIC-03-0049', '2023-02-22'),
(136, 49, 13, '2022-06-26 11:00:00', 'LIC-13-0049', '2025-06-26'),
(137, 50, 3, '2024-07-17 09:00:00', 'LIC-03-0050', '2027-07-17'),
(138, 50, 13, '2022-08-15 13:00:00', 'LIC-13-0050', '2025-08-15'),
(139, 50, 28, '2024-02-15 16:00:00', 'LIC-28-0050', '2025-02-15'),
(140, 51, 1, '2023-07-22 09:00:00', 'LIC-01-0051', '2025-07-22'),
(141, 51, 35, '2024-08-03 09:00:00', 'LIC-35-0051', '2026-08-03'),
(142, 51, 39, '2024-03-03 10:00:00', 'LIC-39-0051', '2026-03-03'),
(143, 51, 22, '2024-11-19 16:00:00', NULL, NULL),
(144, 52, 3, '2022-12-04 16:00:00', 'LIC-03-0052', '2025-12-04'),
(145, 52, 33, '2022-07-15 11:00:00', 'LIC-33-0052', '2024-07-15'),
(146, 52, 32, '2023-08-13 14:00:00', 'LIC-32-0052', '2026-08-13'),
(147, 52, 25, '2022-06-14 13:00:00', NULL, NULL),
(148, 52, 26, '2024-05-12 10:00:00', NULL, NULL),
(149, 53, 6, '2024-12-12 10:00:00', NULL, NULL),
(150, 53, 12, '2024-01-19 16:00:00', NULL, NULL),
(151, 53, 22, '2024-06-22 09:00:00', NULL, NULL),
(152, 54, 6, '2024-01-10 17:00:00', NULL, NULL),
(153, 54, 39, '2023-06-04 17:00:00', 'LIC-39-0054', '2026-06-04'),
(154, 54, 34, '2022-03-22 15:00:00', NULL, NULL),
(155, 55, 5, '2022-05-19 11:00:00', 'LIC-05-0055', '2024-05-19'),
(156, 56, 9, '2024-09-01 17:00:00', NULL, NULL),
(157, 57, 10, '2023-06-12 08:00:00', NULL, NULL),
(158, 57, 31, '2022-03-19 14:00:00', 'LIC-31-0057', '2023-03-19'),
(159, 57, 30, '2022-12-21 08:00:00', 'LIC-30-0057', '2023-12-21'),
(160, 58, 2, '2024-10-03 08:00:00', 'LIC-02-0058', '2025-10-03'),
(161, 58, 34, '2022-10-02 09:00:00', NULL, NULL),
(162, 58, 35, '2023-08-22 14:00:00', 'LIC-35-0058', '2025-08-22'),
(163, 58, 23, '2024-08-14 12:00:00', 'LIC-23-0058', '2025-08-14'),
(164, 58, 24, '2024-02-12 14:00:00', NULL, NULL),
(165, 58, 29, '2022-05-22 17:00:00', 'LIC-29-0058', '2024-05-22'),
(166, 59, 3, '2022-03-25 12:00:00', 'LIC-03-0059', '2024-03-25'),
(167, 59, 14, '2023-02-01 15:00:00', NULL, NULL),
(168, 59, 26, '2024-07-06 10:00:00', NULL, NULL),
(169, 59, 22, '2023-09-23 11:00:00', NULL, NULL),
(170, 59, 29, '2024-09-27 13:00:00', 'LIC-29-0059', '2025-09-27'),
(171, 62, 6, '2023-10-14 17:00:00', NULL, NULL),
(172, 62, 34, '2023-12-21 14:00:00', NULL, NULL),
(173, 62, 28, '2023-02-13 08:00:00', 'LIC-28-0062', '2025-02-13'),
(174, 63, 2, '2022-07-19 14:00:00', 'LIC-02-0063', '2025-07-19'),
(175, 63, 40, '2022-07-28 12:00:00', 'LIC-40-0063', '2025-07-28'),
(176, 63, 16, '2023-04-11 10:00:00', NULL, NULL),
(177, 63, 28, '2022-09-21 09:00:00', 'LIC-28-0063', '2025-09-21'),
(178, 64, 2, '2022-02-05 12:00:00', 'LIC-02-0064', '2023-02-05'),
(179, 64, 16, '2022-10-05 09:00:00', NULL, NULL),
(180, 64, 39, '2022-11-16 15:00:00', 'LIC-39-0064', '2025-11-16'),
(181, 65, 6, '2023-08-21 12:00:00', NULL, NULL),
(182, 65, 39, '2023-10-02 13:00:00', 'LIC-39-0065', '2026-10-02'),
(183, 65, 16, '2022-05-15 15:00:00', NULL, NULL),
(184, 65, 28, '2022-01-12 12:00:00', 'LIC-28-0065', '2023-01-12'),
(185, 66, 1, '2024-01-15 17:00:00', 'LIC-01-0066', '2027-01-15'),
(186, 66, 35, '2022-06-20 15:00:00', 'LIC-35-0066', '2025-06-20'),
(187, 66, 33, '2022-01-15 09:00:00', 'LIC-33-0066', '2024-01-15'),
(188, 67, 1, '2023-09-17 17:00:00', 'LIC-01-0067', '2024-09-17'),
(189, 67, 11, '2023-06-10 14:00:00', 'LIC-11-0067', '2025-06-10'),
(190, 67, 27, '2023-11-20 08:00:00', 'LIC-27-0067', '2026-11-20'),
(191, 68, 3, '2023-05-24 17:00:00', 'LIC-03-0068', '2024-05-24'),
(192, 68, 16, '2023-02-19 10:00:00', NULL, NULL),
(193, 68, 26, '2023-05-21 14:00:00', NULL, NULL),
(194, 69, 2, '2024-12-27 16:00:00', 'LIC-02-0069', '2025-12-27'),
(195, 69, 15, '2024-11-14 16:00:00', NULL, NULL),
(196, 69, 27, '2023-01-12 12:00:00', 'LIC-27-0069', '2024-01-12'),
(197, 69, 24, '2022-06-25 15:00:00', NULL, NULL),
(198, 70, 2, '2024-09-27 16:00:00', 'LIC-02-0070', '2025-09-27'),
(199, 70, 13, '2024-06-25 17:00:00', 'LIC-13-0070', '2025-06-25'),
(200, 70, 22, '2024-07-05 10:00:00', NULL, NULL),
(201, 70, 28, '2022-12-25 17:00:00', 'LIC-28-0070', '2023-12-25'),
(202, 71, 6, '2024-05-25 15:00:00', NULL, NULL),
(203, 71, 34, '2022-09-08 12:00:00', NULL, NULL),
(204, 71, 27, '2023-04-12 17:00:00', 'LIC-27-0071', '2025-04-12'),
(205, 71, 23, '2023-05-25 14:00:00', 'LIC-23-0071', '2026-05-25'),
(206, 72, 6, '2023-09-04 16:00:00', NULL, NULL),
(207, 72, 14, '2022-05-03 10:00:00', NULL, NULL),
(208, 72, 24, '2023-08-17 10:00:00', NULL, NULL),
(209, 72, 29, '2023-02-08 15:00:00', 'LIC-29-0072', '2025-02-08'),
(210, 73, 1, '2023-04-01 13:00:00', 'LIC-01-0073', '2024-04-01'),
(211, 73, 11, '2024-11-11 10:00:00', 'LIC-11-0073', '2025-11-11'),
(212, 73, 34, '2022-05-27 15:00:00', NULL, NULL),
(213, 73, 23, '2024-03-25 15:00:00', 'LIC-23-0073', '2026-03-25'),
(214, 73, 25, '2024-01-03 08:00:00', NULL, NULL),
(215, 74, 7, '2024-07-04 12:00:00', NULL, NULL),
(216, 74, 18, '2022-05-04 08:00:00', 'LIC-18-0074', '2023-05-04'),
(217, 75, 8, '2024-09-01 16:00:00', NULL, NULL),
(218, 75, 29, '2024-04-23 10:00:00', 'LIC-29-0075', '2026-04-23'),
(219, 76, 6, '2024-11-03 16:00:00', NULL, NULL),
(220, 76, 33, '2023-02-17 16:00:00', 'LIC-33-0076', '2026-02-17'),
(221, 76, 23, '2024-09-01 14:00:00', 'LIC-23-0076', '2026-09-01'),
(222, 76, 26, '2022-11-13 13:00:00', NULL, NULL),
(223, 77, 3, '2024-02-25 17:00:00', 'LIC-03-0077', '2027-02-25'),
(224, 77, 16, '2023-03-02 13:00:00', NULL, NULL),
(225, 77, 24, '2024-06-27 10:00:00', NULL, NULL),
(226, 77, 30, '2024-08-23 15:00:00', 'LIC-30-0077', '2027-08-23'),
(227, 79, 5, '2023-01-10 11:00:00', 'LIC-05-0079', '2024-01-10'),
(228, 79, 31, '2022-01-11 12:00:00', 'LIC-31-0079', '2025-01-11'),
(229, 80, 6, '2022-05-12 08:00:00', NULL, NULL),
(230, 80, 15, '2024-06-09 09:00:00', NULL, NULL),
(231, 80, 11, '2023-07-13 15:00:00', 'LIC-11-0080', '2025-07-13'),
(232, 81, 3, '2023-09-09 09:00:00', 'LIC-03-0081', '2026-09-09'),
(233, 81, 35, '2023-02-14 17:00:00', 'LIC-35-0081', '2024-02-14'),
(234, 82, 3, '2023-08-20 14:00:00', 'LIC-03-0082', '2024-08-20'),
(235, 82, 12, '2024-08-12 15:00:00', NULL, NULL),
(236, 82, 40, '2022-12-28 13:00:00', 'LIC-40-0082', '2025-12-28'),
(237, 82, 29, '2023-05-21 08:00:00', 'LIC-29-0082', '2024-05-21'),
(238, 83, 6, '2022-10-22 15:00:00', NULL, NULL),
(239, 83, 32, '2022-03-03 11:00:00', 'LIC-32-0083', '2025-03-03'),
(240, 83, 39, '2023-06-13 17:00:00', 'LIC-39-0083', '2024-06-13'),
(241, 83, 28, '2024-03-22 15:00:00', 'LIC-28-0083', '2026-03-22'),
(242, 84, 3, '2023-06-21 12:00:00', 'LIC-03-0084', '2024-06-21'),
(243, 84, 12, '2022-01-24 10:00:00', NULL, NULL),
(244, 84, 33, '2023-09-13 16:00:00', 'LIC-33-0084', '2024-09-13'),
(245, 84, 29, '2023-05-23 15:00:00', 'LIC-29-0084', '2024-05-23'),
(246, 85, 3, '2023-03-23 15:00:00', 'LIC-03-0085', '2024-03-23'),
(247, 85, 14, '2024-06-22 13:00:00', NULL, NULL),
(248, 85, 12, '2024-02-18 16:00:00', NULL, NULL),
(249, 85, 28, '2023-05-28 10:00:00', 'LIC-28-0085', '2026-05-28'),
(250, 86, 2, '2022-04-26 15:00:00', 'LIC-02-0086', '2023-04-26'),
(251, 86, 32, '2023-09-19 13:00:00', 'LIC-32-0086', '2025-09-19'),
(252, 86, 14, '2024-03-20 09:00:00', NULL, NULL),
(253, 86, 28, '2022-05-13 15:00:00', 'LIC-28-0086', '2025-05-13'),
(254, 87, 6, '2024-02-15 15:00:00', NULL, NULL),
(255, 87, 33, '2024-09-12 10:00:00', 'LIC-33-0087', '2027-09-12'),
(256, 87, 12, '2024-10-06 10:00:00', NULL, NULL),
(257, 87, 29, '2023-09-28 08:00:00', 'LIC-29-0087', '2024-09-28'),
(258, 88, 9, '2022-06-17 12:00:00', NULL, NULL),
(259, 88, 18, '2022-05-07 16:00:00', 'LIC-18-0088', '2024-05-07'),
(260, 88, 31, '2022-11-10 17:00:00', 'LIC-31-0088', '2025-11-10'),
(261, 89, 4, '2022-11-20 17:00:00', 'LIC-04-0089', '2024-11-20'),
(262, 89, 18, '2024-01-27 08:00:00', 'LIC-18-0089', '2025-01-27'),
(263, 90, 1, '2024-09-10 12:00:00', 'LIC-01-0090', '2026-09-10'),
(264, 90, 39, '2022-11-13 12:00:00', 'LIC-39-0090', '2024-11-13'),
(265, 90, 14, '2022-12-02 10:00:00', NULL, NULL),
(266, 90, 26, '2023-07-16 15:00:00', NULL, NULL),
(267, 90, 22, '2022-06-20 10:00:00', NULL, NULL),
(268, 91, 3, '2022-06-08 15:00:00', 'LIC-03-0091', '2023-06-08'),
(269, 91, 40, '2023-08-08 10:00:00', 'LIC-40-0091', '2024-08-08'),
(270, 91, 16, '2022-05-13 17:00:00', NULL, NULL),
(271, 91, 23, '2023-04-28 10:00:00', 'LIC-23-0091', '2025-04-28'),
(272, 91, 24, '2024-12-11 11:00:00', NULL, NULL),
(273, 94, 2, '2022-07-17 15:00:00', 'LIC-02-0094', '2023-07-17'),
(274, 94, 32, '2022-10-12 08:00:00', 'LIC-32-0094', '2023-10-12'),
(275, 94, 35, '2023-08-20 15:00:00', 'LIC-35-0094', '2025-08-20'),
(276, 94, 36, '2024-01-28 09:00:00', 'LIC-36-0094', '2026-01-28'),
(277, 95, 2, '2022-10-18 11:00:00', 'LIC-02-0095', '2024-10-18'),
(278, 95, 40, '2024-05-03 14:00:00', 'LIC-40-0095', '2027-05-03'),
(279, 95, 16, '2023-09-09 17:00:00', NULL, NULL),
(280, 95, 37, '2024-10-04 10:00:00', 'LIC-37-0095', '2025-10-04'),
(281, 96, 6, '2022-10-17 14:00:00', NULL, NULL),
(282, 96, 16, '2024-01-02 08:00:00', NULL, NULL),
(283, 96, 32, '2022-12-11 15:00:00', 'LIC-32-0096', '2025-12-11'),
(284, 97, 6, '2023-03-13 17:00:00', NULL, NULL),
(285, 97, 33, '2024-05-19 13:00:00', 'LIC-33-0097', '2027-05-19'),
(286, 97, 38, '2024-09-16 17:00:00', 'LIC-38-0097', '2026-09-16'),
(287, 98, 6, '2024-05-26 08:00:00', NULL, NULL),
(288, 98, 16, '2024-08-09 17:00:00', NULL, NULL),
(289, 98, 28, '2024-04-24 08:00:00', 'LIC-28-0098', '2027-04-24'),
(290, 99, 6, '2023-03-27 11:00:00', NULL, NULL),
(291, 99, 32, '2022-10-23 09:00:00', 'LIC-32-0099', '2023-10-23'),
(292, 100, 1, '2024-08-28 08:00:00', 'LIC-01-0100', '2027-08-28'),
(293, 100, 16, '2022-09-07 16:00:00', NULL, NULL),
(294, 100, 34, '2023-11-16 16:00:00', NULL, NULL),
(295, 100, 30, '2023-06-06 15:00:00', 'LIC-30-0100', '2026-06-06'),
(296, 100, 38, '2023-09-12 12:00:00', 'LIC-38-0100', '2026-09-12'),
(297, 101, 6, '2023-12-07 15:00:00', NULL, NULL),
(298, 101, 14, '2023-08-12 16:00:00', NULL, NULL),
(299, 101, 29, '2024-05-10 09:00:00', 'LIC-29-0101', '2027-05-10'),
(300, 101, 37, '2024-09-13 14:00:00', 'LIC-37-0101', '2026-09-13'),
(301, 102, 2, '2024-05-24 15:00:00', 'LIC-02-0102', '2025-05-24'),
(302, 102, 11, '2022-09-09 16:00:00', 'LIC-11-0102', '2025-09-09'),
(303, 102, 15, '2023-03-04 17:00:00', NULL, NULL),
(304, 102, 37, '2024-10-08 11:00:00', 'LIC-37-0102', '2025-10-08'),
(305, 103, 2, '2024-08-04 10:00:00', 'LIC-02-0103', '2025-08-04'),
(306, 103, 11, '2024-03-14 15:00:00', 'LIC-11-0103', '2026-03-14'),
(307, 103, 29, '2024-04-25 12:00:00', 'LIC-29-0103', '2026-04-25'),
(308, 104, 3, '2022-09-24 08:00:00', 'LIC-03-0104', '2023-09-24'),
(309, 104, 12, '2023-03-02 14:00:00', NULL, NULL),
(310, 105, 6, '2023-01-01 12:00:00', NULL, NULL),
(311, 105, 40, '2024-10-04 13:00:00', 'LIC-40-0105', '2026-10-04'),
(312, 106, 8, '2022-09-15 12:00:00', NULL, NULL),
(313, 107, 2, '2023-12-06 08:00:00', 'LIC-02-0107', '2026-12-06'),
(314, 107, 16, '2023-05-19 11:00:00', NULL, NULL),
(315, 107, 27, '2022-10-28 14:00:00', 'LIC-27-0107', '2024-10-28'),
(316, 108, 3, '2023-06-08 08:00:00', 'LIC-03-0108', '2025-06-08'),
(317, 108, 34, '2023-04-15 12:00:00', NULL, NULL),
(318, 108, 23, '2023-05-19 17:00:00', 'LIC-23-0108', '2024-05-19'),
(319, 110, 3, '2023-05-06 14:00:00', 'LIC-03-0110', '2026-05-06'),
(320, 110, 40, '2024-12-25 12:00:00', 'LIC-40-0110', '2027-12-25'),
(321, 110, 14, '2022-11-10 13:00:00', NULL, NULL),
(322, 110, 28, '2024-04-08 10:00:00', 'LIC-28-0110', '2026-04-08'),
(323, 111, 2, '2024-08-25 16:00:00', 'LIC-02-0111', '2027-08-25'),
(324, 111, 40, '2022-04-22 17:00:00', 'LIC-40-0111', '2023-04-22'),
(325, 111, 33, '2024-08-17 13:00:00', 'LIC-33-0111', '2025-08-17'),
(326, 111, 30, '2024-02-02 16:00:00', 'LIC-30-0111', '2027-02-02'),
(327, 112, 2, '2023-02-22 11:00:00', 'LIC-02-0112', '2026-02-22'),
(328, 112, 13, '2024-08-03 16:00:00', 'LIC-13-0112', '2026-08-03'),
(329, 112, 30, '2022-08-05 16:00:00', 'LIC-30-0112', '2024-08-05'),
(330, 113, 6, '2023-05-27 08:00:00', NULL, NULL),
(331, 113, 32, '2024-04-19 09:00:00', 'LIC-32-0113', '2025-04-19'),
(332, 113, 27, '2023-06-23 09:00:00', 'LIC-27-0113', '2026-06-23'),
(333, 113, 24, '2022-02-16 08:00:00', NULL, NULL),
(334, 114, 3, '2024-11-14 13:00:00', 'LIC-03-0114', '2026-11-14'),
(335, 114, 13, '2023-07-13 09:00:00', 'LIC-13-0114', '2026-07-13'),
(336, 114, 40, '2024-09-05 13:00:00', 'LIC-40-0114', '2025-09-05'),
(337, 116, 2, '2022-01-25 08:00:00', 'LIC-02-0116', '2024-01-25'),
(338, 116, 32, '2023-11-24 16:00:00', 'LIC-32-0116', '2025-11-24'),
(339, 116, 13, '2024-07-27 11:00:00', 'LIC-13-0116', '2025-07-27'),
(340, 117, 6, '2022-01-26 14:00:00', NULL, NULL),
(341, 117, 13, '2024-01-08 11:00:00', 'LIC-13-0117', '2025-01-08'),
(342, 117, 15, '2022-10-02 15:00:00', NULL, NULL),
(343, 117, 30, '2024-11-23 08:00:00', 'LIC-30-0117', '2025-11-23'),
(344, 118, 1, '2022-03-17 12:00:00', 'LIC-01-0118', '2023-03-17'),
(345, 118, 35, '2024-10-11 17:00:00', 'LIC-35-0118', '2027-10-11'),
(346, 118, 14, '2024-06-08 12:00:00', NULL, NULL),
(347, 119, 2, '2024-10-24 10:00:00', 'LIC-02-0119', '2027-10-24'),
(348, 119, 34, '2024-07-18 15:00:00', NULL, NULL),
(349, 119, 28, '2022-06-21 14:00:00', 'LIC-28-0119', '2025-06-21'),
(350, 120, 3, '2024-08-08 11:00:00', 'LIC-03-0120', '2026-08-08'),
(351, 120, 34, '2024-03-26 15:00:00', NULL, NULL),
(352, 120, 13, '2022-09-14 14:00:00', 'LIC-13-0120', '2025-09-14'),
(353, 120, 28, '2024-03-13 11:00:00', 'LIC-28-0120', '2026-03-13');

INSERT INTO vulnerabilidade (id, software_id, componente_modelo_id, codigo_cve, severidade, descricao) VALUES
(1, 1, NULL, 'CVE-2022-25318', 'critica', 'Vulnerabilidade de path traversal permite leitura arbitrária de arquivos no Windows 10 Pro'),
(2, 1, NULL, 'CVE-2023-13483', 'critica', 'Cross-site scripting (XSS) armazenado na interface administrativa do Windows 10 Pro'),
(3, 2, NULL, 'CVE-2023-40513', 'media', 'Exposição de credenciais em texto plano em arquivo de configuração do Windows 11 Pro'),
(4, 2, NULL, 'CVE-2019-13331', 'critica', 'Falha de validação de entrada no Windows 11 Pro permite injeção de comandos'),
(5, 3, NULL, 'CVE-2020-22821', 'media', 'Condição de corrida (race condition) permite escalonamento de privilégio no Windows 10 Enterprise'),
(6, 3, NULL, 'CVE-2019-14881', 'alta', 'Cross-site scripting (XSS) armazenado na interface administrativa do Windows 10 Enterprise'),
(7, 3, NULL, 'CVE-2024-8688', 'alta', 'Negação de serviço via requisição malformada processada pelo Windows 10 Enterprise'),
(8, 3, NULL, 'CVE-2022-16898', 'media', 'Buffer overflow em módulo de rede do Windows 10 Enterprise permite execução de código'),
(9, 4, NULL, 'CVE-2021-19550', 'media', 'Condição de corrida (race condition) permite escalonamento de privilégio no Windows Server 2019'),
(10, 4, NULL, 'CVE-2022-35973', 'media', 'Buffer overflow em módulo de rede do Windows Server 2019 permite execução de código'),
(11, 4, NULL, 'CVE-2021-21212', 'media', 'Falha de validação de entrada no Windows Server 2019 permite injeção de comandos'),
(12, 4, NULL, 'CVE-2021-34607', 'alta', 'Cross-site scripting (XSS) armazenado na interface administrativa do Windows Server 2019'),
(13, 5, NULL, 'CVE-2021-14312', 'baixa', 'Vazamento de memória sensível durante operação normal do Windows Server 2022'),
(14, 5, NULL, 'CVE-2021-28127', 'alta', 'Elevação de privilégio local em componente do Windows Server 2022'),
(15, 5, NULL, 'CVE-2023-15501', 'critica', 'Condição de corrida (race condition) permite escalonamento de privilégio no Windows Server 2022'),
(16, 6, NULL, 'CVE-2023-38954', 'media', 'Execução remota de código explorando falha de desserialização em Ubuntu Desktop'),
(17, 6, NULL, 'CVE-2022-20345', 'media', 'Exposição de credenciais em texto plano em arquivo de configuração do Ubuntu Desktop'),
(18, 7, NULL, 'CVE-2022-38341', 'alta', 'Buffer overflow em módulo de rede do Ubuntu Server permite execução de código'),
(19, 7, NULL, 'CVE-2020-33722', 'baixa', 'Vulnerabilidade de path traversal permite leitura arbitrária de arquivos no Ubuntu Server'),
(20, 8, NULL, 'CVE-2022-43054', 'baixa', 'Cross-site scripting (XSS) armazenado na interface administrativa do Red Hat Enterprise Linux'),
(21, 8, NULL, 'CVE-2022-31200', 'media', 'Condição de corrida (race condition) permite escalonamento de privilégio no Red Hat Enterprise Linux'),
(22, 8, NULL, 'CVE-2024-24080', 'alta', 'Vulnerabilidade de path traversal permite leitura arbitrária de arquivos no Red Hat Enterprise Linux'),
(23, 8, NULL, 'CVE-2020-36818', 'alta', 'Exposição de credenciais em texto plano em arquivo de configuração do Red Hat Enterprise Linux'),
(24, 9, NULL, 'CVE-2019-5871', 'media', 'Bypass de autenticação permite acesso não autorizado ao CentOS Stream'),
(25, 9, NULL, 'CVE-2024-4179', 'baixa', 'Negação de serviço via requisição malformada processada pelo CentOS Stream'),
(26, 9, NULL, 'CVE-2019-28026', 'baixa', 'Execução remota de código explorando falha de desserialização em CentOS Stream'),
(27, 10, NULL, 'CVE-2024-10897', 'critica', 'Cross-site scripting (XSS) armazenado na interface administrativa do Debian'),
(28, 10, NULL, 'CVE-2020-34143', 'critica', 'Buffer overflow em módulo de rede do Debian permite execução de código'),
(29, 11, NULL, 'CVE-2024-41404', 'media', 'Vulnerabilidade de path traversal permite leitura arbitrária de arquivos no Microsoft Office'),
(30, 11, NULL, 'CVE-2024-32972', 'media', 'Execução remota de código explorando falha de desserialização em Microsoft Office'),
(31, 11, NULL, 'CVE-2019-35879', 'critica', 'Falha de verificação de assinatura permite instalação de atualização maliciosa do Microsoft Office'),
(32, 12, NULL, 'CVE-2021-36110', 'media', 'Falha de validação de entrada no LibreOffice permite injeção de comandos'),
(33, 12, NULL, 'CVE-2019-33913', 'alta', 'Execução remota de código explorando falha de desserialização em LibreOffice'),
(34, 12, NULL, 'CVE-2024-45173', 'baixa', 'Cross-site scripting (XSS) armazenado na interface administrativa do LibreOffice'),
(35, 12, NULL, 'CVE-2020-8013', 'media', 'Negação de serviço via requisição malformada processada pelo LibreOffice'),
(36, 13, NULL, 'CVE-2020-41617', 'alta', 'Negação de serviço via requisição malformada processada pelo Adobe Acrobat Reader DC'),
(37, 13, NULL, 'CVE-2021-24228', 'media', 'Bypass de autenticação permite acesso não autorizado ao Adobe Acrobat Reader DC'),
(38, 14, NULL, 'CVE-2022-38027', 'media', 'Falha de validação de entrada no Google Chrome permite injeção de comandos'),
(39, 14, NULL, 'CVE-2024-15801', 'alta', 'Elevação de privilégio local em componente do Google Chrome'),
(40, 14, NULL, 'CVE-2024-6283', 'alta', 'Vulnerabilidade de path traversal permite leitura arbitrária de arquivos no Google Chrome'),
(41, 15, NULL, 'CVE-2022-37221', 'media', 'Elevação de privilégio local em componente do Mozilla Firefox ESR'),
(42, 15, NULL, 'CVE-2019-42729', 'media', 'Falha de validação de entrada no Mozilla Firefox ESR permite injeção de comandos'),
(43, 16, NULL, 'CVE-2022-29436', 'critica', 'Condição de corrida (race condition) permite escalonamento de privilégio no Microsoft Edge'),
(44, 16, NULL, 'CVE-2021-38083', 'media', 'Bypass de autenticação permite acesso não autorizado ao Microsoft Edge'),
(45, 17, NULL, 'CVE-2020-46369', 'alta', 'Negação de serviço via requisição malformada processada pelo MySQL Server'),
(46, 17, NULL, 'CVE-2022-18766', 'media', 'Execução remota de código explorando falha de desserialização em MySQL Server'),
(47, 18, NULL, 'CVE-2023-37930', 'alta', 'Elevação de privilégio local em componente do PostgreSQL'),
(48, 18, NULL, 'CVE-2019-12754', 'media', 'Cross-site scripting (XSS) armazenado na interface administrativa do PostgreSQL'),
(49, 19, NULL, 'CVE-2024-27102', 'alta', 'Execução remota de código explorando falha de desserialização em Microsoft SQL Server'),
(50, 19, NULL, 'CVE-2021-11646', 'critica', 'Buffer overflow em módulo de rede do Microsoft SQL Server permite execução de código'),
(51, 19, NULL, 'CVE-2020-38138', 'media', 'Falha de verificação de assinatura permite instalação de atualização maliciosa do Microsoft SQL Server'),
(52, 20, NULL, 'CVE-2024-10171', 'media', 'Cross-site scripting (XSS) armazenado na interface administrativa do MongoDB'),
(53, 20, NULL, 'CVE-2024-6139', 'baixa', 'Negação de serviço via requisição malformada processada pelo MongoDB'),
(54, 20, NULL, 'CVE-2024-23666', 'media', 'Vulnerabilidade de path traversal permite leitura arbitrária de arquivos no MongoDB'),
(55, 21, NULL, 'CVE-2019-23321', 'alta', 'Elevação de privilégio local em componente do Oracle Database'),
(56, 21, NULL, 'CVE-2023-40033', 'media', 'Falha de validação de entrada no Oracle Database permite injeção de comandos'),
(57, 22, NULL, 'CVE-2022-33152', 'baixa', 'Vulnerabilidade de path traversal permite leitura arbitrária de arquivos no Visual Studio Code'),
(58, 22, NULL, 'CVE-2021-37243', 'alta', 'Execução remota de código explorando falha de desserialização em Visual Studio Code'),
(59, 22, NULL, 'CVE-2022-13172', 'media', 'Exposição de credenciais em texto plano em arquivo de configuração do Visual Studio Code'),
(60, 23, NULL, 'CVE-2020-47734', 'baixa', 'Cross-site scripting (XSS) armazenado na interface administrativa do Docker Desktop'),
(61, 23, NULL, 'CVE-2019-18561', 'critica', 'Falha de validação de entrada no Docker Desktop permite injeção de comandos'),
(62, 23, NULL, 'CVE-2022-47640', 'alta', 'Elevação de privilégio local em componente do Docker Desktop'),
(63, 23, NULL, 'CVE-2024-11110', 'baixa', 'Exposição de credenciais em texto plano em arquivo de configuração do Docker Desktop'),
(64, 24, NULL, 'CVE-2019-21202', 'critica', 'Vulnerabilidade de path traversal permite leitura arbitrária de arquivos no Git'),
(65, 24, NULL, 'CVE-2021-18679', 'media', 'Condição de corrida (race condition) permite escalonamento de privilégio no Git'),
(66, 24, NULL, 'CVE-2020-6721', 'critica', 'Elevação de privilégio local em componente do Git'),
(67, 25, NULL, 'CVE-2023-34583', 'media', 'Falha de validação de entrada no Python permite injeção de comandos'),
(68, 25, NULL, 'CVE-2019-2721', 'media', 'Vazamento de memória sensível durante operação normal do Python'),
(69, 26, NULL, 'CVE-2023-40193', 'critica', 'Vulnerabilidade de path traversal permite leitura arbitrária de arquivos no Node.js'),
(70, 26, NULL, 'CVE-2021-26246', 'baixa', 'Negação de serviço via requisição malformada processada pelo Node.js'),
(71, 27, NULL, 'CVE-2019-37669', 'media', 'Exposição de credenciais em texto plano em arquivo de configuração do Java JDK'),
(72, 27, NULL, 'CVE-2023-35151', 'alta', 'Falha de validação de entrada no Java JDK permite injeção de comandos'),
(73, 28, NULL, 'CVE-2020-18623', 'alta', 'Cross-site scripting (XSS) armazenado na interface administrativa do Kaspersky Endpoint Security'),
(74, 28, NULL, 'CVE-2021-33317', 'alta', 'Falha de validação de entrada no Kaspersky Endpoint Security permite injeção de comandos'),
(75, 29, NULL, 'CVE-2021-28597', 'media', 'Elevação de privilégio local em componente do ESET NOD32 Antivirus'),
(76, 29, NULL, 'CVE-2022-6041', 'alta', 'Bypass de autenticação permite acesso não autorizado ao ESET NOD32 Antivirus'),
(77, 30, NULL, 'CVE-2023-13815', 'media', 'Exposição de credenciais em texto plano em arquivo de configuração do Cisco AnyConnect VPN'),
(78, 30, NULL, 'CVE-2019-9879', 'media', 'Buffer overflow em módulo de rede do Cisco AnyConnect VPN permite execução de código'),
(79, 30, NULL, 'CVE-2019-26932', 'alta', 'Vazamento de memória sensível durante operação normal do Cisco AnyConnect VPN'),
(80, 31, NULL, 'CVE-2021-29220', 'media', 'Falha de verificação de assinatura permite instalação de atualização maliciosa do Veeam Backup & Replication'),
(81, 31, NULL, 'CVE-2024-39954', 'baixa', 'Falha de validação de entrada no Veeam Backup & Replication permite injeção de comandos'),
(82, 31, NULL, 'CVE-2021-22015', 'alta', 'Vulnerabilidade de path traversal permite leitura arbitrária de arquivos no Veeam Backup & Replication'),
(83, 32, NULL, 'CVE-2022-21915', 'alta', 'Condição de corrida (race condition) permite escalonamento de privilégio no TeamViewer'),
(84, 32, NULL, 'CVE-2024-46544', 'alta', 'Buffer overflow em módulo de rede do TeamViewer permite execução de código'),
(85, 32, NULL, 'CVE-2022-38740', 'media', 'Vazamento de memória sensível durante operação normal do TeamViewer'),
(86, 32, NULL, 'CVE-2020-22357', 'baixa', 'Vulnerabilidade de path traversal permite leitura arbitrária de arquivos no TeamViewer'),
(87, 33, NULL, 'CVE-2023-14094', 'critica', 'Exposição de credenciais em texto plano em arquivo de configuração do AnyDesk'),
(88, 33, NULL, 'CVE-2023-12791', 'media', 'Falha de validação de entrada no AnyDesk permite injeção de comandos'),
(89, 33, NULL, 'CVE-2023-2763', 'media', 'Vulnerabilidade de path traversal permite leitura arbitrária de arquivos no AnyDesk'),
(90, 34, NULL, 'CVE-2021-46405', 'baixa', 'Condição de corrida (race condition) permite escalonamento de privilégio no 7-Zip'),
(91, 34, NULL, 'CVE-2022-45104', 'critica', 'Buffer overflow em módulo de rede do 7-Zip permite execução de código'),
(92, 34, NULL, 'CVE-2020-42506', 'media', 'Vazamento de memória sensível durante operação normal do 7-Zip'),
(93, 35, NULL, 'CVE-2022-25706', 'media', 'Buffer overflow em módulo de rede do WinRAR permite execução de código'),
(94, 35, NULL, 'CVE-2022-40186', 'critica', 'Exposição de credenciais em texto plano em arquivo de configuração do WinRAR'),
(95, 35, NULL, 'CVE-2023-27267', 'media', 'Bypass de autenticação permite acesso não autorizado ao WinRAR'),
(96, 36, NULL, 'CVE-2021-46982', 'baixa', 'Negação de serviço via requisição malformada processada pelo SAP Business One'),
(97, 36, NULL, 'CVE-2023-39916', 'baixa', 'Falha de validação de entrada no SAP Business One permite injeção de comandos'),
(98, 36, NULL, 'CVE-2019-8167', 'media', 'Condição de corrida (race condition) permite escalonamento de privilégio no SAP Business One'),
(99, 36, NULL, 'CVE-2020-44096', 'baixa', 'Execução remota de código explorando falha de desserialização em SAP Business One'),
(100, 37, NULL, 'CVE-2023-43272', 'critica', 'Bypass de autenticação permite acesso não autorizado ao AutoCAD'),
(101, 37, NULL, 'CVE-2024-27189', 'media', 'Cross-site scripting (XSS) armazenado na interface administrativa do AutoCAD'),
(102, 37, NULL, 'CVE-2021-29210', 'baixa', 'Falha de verificação de assinatura permite instalação de atualização maliciosa do AutoCAD'),
(103, 38, NULL, 'CVE-2020-34467', 'alta', 'Execução remota de código explorando falha de desserialização em TIA Portal'),
(104, 38, NULL, 'CVE-2023-37568', 'media', 'Elevação de privilégio local em componente do TIA Portal'),
(105, 39, NULL, 'CVE-2022-31347', 'alta', 'Condição de corrida (race condition) permite escalonamento de privilégio no Zoom'),
(106, 39, NULL, 'CVE-2024-39573', 'baixa', 'Falha de verificação de assinatura permite instalação de atualização maliciosa do Zoom'),
(107, 39, NULL, 'CVE-2023-10879', 'media', 'Buffer overflow em módulo de rede do Zoom permite execução de código'),
(108, 39, NULL, 'CVE-2019-32638', 'alta', 'Vazamento de memória sensível durante operação normal do Zoom'),
(109, 40, NULL, 'CVE-2019-10284', 'critica', 'Exposição de credenciais em texto plano em arquivo de configuração do Microsoft Teams'),
(110, 40, NULL, 'CVE-2021-23483', 'alta', 'Falha de validação de entrada no Microsoft Teams permite injeção de comandos'),
(111, NULL, 1, 'CVE-2021-32205', 'media', 'Vazamento de dados via canal lateral (side-channel) em Intel Core i5-10400'),
(112, NULL, 1, 'CVE-2022-46663', 'critica', 'Corrupção de dados sob condições específicas de temperatura/carga em Intel Core i5-10400'),
(113, NULL, 2, 'CVE-2019-47581', 'alta', 'Falha de redução de instrução expõe dados sensíveis em Intel Core i7-11700'),
(114, NULL, 2, 'CVE-2019-23483', 'critica', 'Falha de firmware no Intel Core i7-11700 permite escrita não autorizada em memória protegida'),
(115, NULL, 3, 'CVE-2020-16985', 'baixa', 'Falha de autenticação no controlador de gerenciamento remoto do Intel Xeon E-2336'),
(116, NULL, 4, 'CVE-2023-28942', 'alta', 'Vazamento de dados via canal lateral (side-channel) em AMD Ryzen 5 5600X'),
(117, NULL, 4, 'CVE-2020-27545', 'media', 'Corrupção de dados sob condições específicas de temperatura/carga em AMD Ryzen 5 5600X'),
(118, NULL, 4, 'CVE-2020-13215', 'media', 'Falha de autenticação no controlador de gerenciamento remoto do AMD Ryzen 5 5600X'),
(119, NULL, 5, 'CVE-2023-13931', 'media', 'Backdoor de fábrica identificado em firmware de AMD Ryzen 7 5800X'),
(120, NULL, 5, 'CVE-2023-29151', 'media', 'Falha de firmware no AMD Ryzen 7 5800X permite escrita não autorizada em memória protegida'),
(121, NULL, 6, 'CVE-2021-47121', 'alta', 'Falha de firmware no AMD EPYC 7302 permite escrita não autorizada em memória protegida'),
(122, NULL, 6, 'CVE-2019-38837', 'baixa', 'Vazamento de dados via canal lateral (side-channel) em AMD EPYC 7302'),
(123, NULL, 7, 'CVE-2021-22363', 'alta', 'Corrupção de dados sob condições específicas de temperatura/carga em Kingston Fury 8GB DDR4 3200MHz'),
(124, NULL, 8, 'CVE-2021-44955', 'critica', 'Backdoor de fábrica identificado em firmware de Corsair Vengeance 16GB DDR4 3200MHz'),
(125, NULL, 9, 'CVE-2022-41062', 'media', 'Corrupção de dados sob condições específicas de temperatura/carga em Crucial 32GB DDR4 2666MHz ECC'),
(126, NULL, 9, 'CVE-2023-8486', 'media', 'Falha de redução de instrução expõe dados sensíveis em Crucial 32GB DDR4 2666MHz ECC'),
(127, NULL, 10, 'CVE-2020-45144', 'media', 'Falha de redução de instrução expõe dados sensíveis em Kingston Server Premier 64GB DDR4 ECC'),
(128, NULL, 10, 'CVE-2021-41270', 'media', 'Backdoor de fábrica identificado em firmware de Kingston Server Premier 64GB DDR4 ECC'),
(129, NULL, 11, 'CVE-2020-21013', 'critica', 'Falha de firmware no Seagate Barracuda 1TB permite escrita não autorizada em memória protegida'),
(130, NULL, 11, 'CVE-2020-25464', 'critica', 'Vazamento de dados via canal lateral (side-channel) em Seagate Barracuda 1TB'),
(131, NULL, 11, 'CVE-2020-34477', 'media', 'Falha de redução de instrução expõe dados sensíveis em Seagate Barracuda 1TB'),
(132, NULL, 12, 'CVE-2023-26146', 'alta', 'Backdoor de fábrica identificado em firmware de Seagate Exos 4TB'),
(133, NULL, 12, 'CVE-2020-32894', 'media', 'Corrupção de dados sob condições específicas de temperatura/carga em Seagate Exos 4TB'),
(134, NULL, 13, 'CVE-2021-10194', 'media', 'Falha de autenticação no controlador de gerenciamento remoto do Samsung 870 EVO 500GB'),
(135, NULL, 13, 'CVE-2021-30556', 'alta', 'Vazamento de dados via canal lateral (side-channel) em Samsung 870 EVO 500GB'),
(136, NULL, 13, 'CVE-2019-24529', 'media', 'Corrupção de dados sob condições específicas de temperatura/carga em Samsung 870 EVO 500GB'),
(137, NULL, 14, 'CVE-2020-26162', 'alta', 'Backdoor de fábrica identificado em firmware de WD Blue SN570 1TB NVMe'),
(138, NULL, 15, 'CVE-2022-28238', 'media', 'Corrupção de dados sob condições específicas de temperatura/carga em Kingston NV2 2TB NVMe'),
(139, NULL, 15, 'CVE-2022-33027', 'media', 'Backdoor de fábrica identificado em firmware de Kingston NV2 2TB NVMe'),
(140, NULL, 15, 'CVE-2019-38053', 'alta', 'Falha de autenticação no controlador de gerenciamento remoto do Kingston NV2 2TB NVMe'),
(141, NULL, 16, 'CVE-2019-19012', 'alta', 'Vazamento de dados via canal lateral (side-channel) em Asus Prime B460M-A'),
(142, NULL, 17, 'CVE-2020-30971', 'alta', 'Corrupção de dados sob condições específicas de temperatura/carga em Gigabyte B550M DS3H'),
(143, NULL, 18, 'CVE-2019-18556', 'media', 'Falha de autenticação no controlador de gerenciamento remoto do Dell PowerEdge R740 Mainboard'),
(144, NULL, 18, 'CVE-2023-25042', 'baixa', 'Backdoor de fábrica identificado em firmware de Dell PowerEdge R740 Mainboard'),
(145, NULL, 18, 'CVE-2019-29925', 'media', 'Falha de firmware no Dell PowerEdge R740 Mainboard permite escrita não autorizada em memória protegida'),
(146, NULL, 19, 'CVE-2024-17222', 'media', 'Vazamento de dados via canal lateral (side-channel) em Supermicro X11SPL-F'),
(147, NULL, 19, 'CVE-2019-30473', 'alta', 'Backdoor de fábrica identificado em firmware de Supermicro X11SPL-F'),
(148, NULL, 19, 'CVE-2021-6700', 'alta', 'Falha de firmware no Supermicro X11SPL-F permite escrita não autorizada em memória protegida'),
(149, NULL, 20, 'CVE-2024-39530', 'alta', 'Falha de firmware no Corsair CV550 550W permite escrita não autorizada em memória protegida'),
(150, NULL, 20, 'CVE-2021-47579', 'media', 'Vazamento de dados via canal lateral (side-channel) em Corsair CV550 550W'),
(151, NULL, 21, 'CVE-2020-14541', 'media', 'Falha de autenticação no controlador de gerenciamento remoto do Seasonic Focus GX-750'),
(152, NULL, 21, 'CVE-2020-4890', 'baixa', 'Backdoor de fábrica identificado em firmware de Seasonic Focus GX-750'),
(153, NULL, 21, 'CVE-2021-35883', 'media', 'Vazamento de dados via canal lateral (side-channel) em Seasonic Focus GX-750'),
(154, NULL, 22, 'CVE-2021-47140', 'alta', 'Corrupção de dados sob condições específicas de temperatura/carga em NVIDIA Quadro P620'),
(155, NULL, 22, 'CVE-2021-38534', 'alta', 'Falha de autenticação no controlador de gerenciamento remoto do NVIDIA Quadro P620'),
(156, NULL, 23, 'CVE-2022-4885', 'alta', 'Corrupção de dados sob condições específicas de temperatura/carga em Intel Ethernet X550 Dual Port NIC'),
(157, NULL, 23, 'CVE-2024-9315', 'alta', 'Falha de firmware no Intel Ethernet X550 Dual Port NIC permite escrita não autorizada em memória protegida');

INSERT INTO ocorrencia_vulnerabilidade (id, equipamento_id, vulnerabilidade_id, data_deteccao, status, data_resolucao) VALUES
(1, 1, 24, '2023-03-23 06:00:00', 'pendente', NULL),
(2, 2, 28, '2023-10-21 06:00:00', 'corrigido', '2023-10-28 16:00:00'),
(3, 2, 27, '2022-02-21 06:00:00', 'pendente', NULL),
(4, 2, 56, '2023-08-16 06:00:00', 'pendente', NULL),
(5, 2, 55, '2022-12-03 06:00:00', 'corrigido', '2022-12-17 10:00:00'),
(6, 3, 3, '2024-04-16 06:00:00', 'pendente', NULL),
(7, 3, 4, '2023-06-18 06:00:00', 'ignorado', '2023-06-28 14:00:00'),
(8, 3, 69, '2023-03-15 06:00:00', 'corrigido', '2023-03-24 11:00:00'),
(9, 3, 70, '2023-11-10 06:00:00', 'pendente', NULL),
(10, 4, 17, '2023-02-12 06:00:00', 'pendente', NULL),
(11, 4, 95, '2024-12-23 06:00:00', 'corrigido', '2024-12-28 10:00:00'),
(12, 4, 94, '2025-01-07 06:00:00', 'pendente', NULL),
(13, 4, 72, '2024-01-01 06:00:00', 'pendente', NULL),
(14, 5, 6, '2025-02-08 06:00:00', 'pendente', NULL),
(15, 5, 8, '2025-02-11 06:00:00', 'pendente', NULL),
(16, 5, 37, '2023-03-21 06:00:00', 'pendente', NULL),
(17, 6, 8, '2024-06-24 06:00:00', 'pendente', NULL),
(18, 6, 92, '2024-04-03 06:00:00', 'pendente', NULL),
(19, 6, 91, '2024-02-19 06:00:00', 'corrigido', '2024-02-28 14:00:00'),
(20, 6, 109, '2024-05-21 06:00:00', 'ignorado', '2024-05-28 09:00:00'),
(21, 6, 67, '2023-09-20 06:00:00', 'corrigido', '2023-09-28 09:00:00'),
(22, 6, 76, '2023-07-04 06:00:00', 'ignorado', '2023-07-09 17:00:00'),
(23, 7, 42, '2022-03-13 06:00:00', 'ignorado', '2022-03-28 14:00:00'),
(24, 7, 65, '2022-02-01 06:00:00', 'pendente', NULL),
(25, 7, 61, '2024-01-02 06:00:00', 'corrigido', '2024-01-21 13:00:00'),
(26, 10, 4, '2023-02-21 06:00:00', 'ignorado', '2023-02-28 13:00:00'),
(27, 10, 3, '2024-02-10 06:00:00', 'pendente', NULL),
(28, 10, 89, '2023-06-13 06:00:00', 'pendente', NULL),
(29, 10, 74, '2025-12-28 06:00:00', 'pendente', NULL),
(30, 11, 87, '2023-10-20 06:00:00', 'pendente', NULL),
(31, 11, 88, '2022-02-01 06:00:00', 'pendente', NULL),
(32, 11, 76, '2024-06-17 06:00:00', 'pendente', NULL),
(33, 12, 2, '2022-03-24 06:00:00', 'pendente', NULL),
(34, 13, 17, '2025-05-17 06:00:00', 'ignorado', '2025-05-22 16:00:00'),
(35, 13, 110, '2023-08-28 06:00:00', 'corrigido', '2023-08-28 13:00:00'),
(36, 13, 109, '2023-02-19 06:00:00', 'pendente', NULL),
(37, 14, 5, '2022-01-28 06:00:00', 'pendente', NULL),
(38, 14, 76, '2023-03-06 06:00:00', 'pendente', NULL),
(39, 14, 75, '2023-09-26 06:00:00', 'corrigido', '2023-09-28 14:00:00'),
(40, 16, 8, '2024-12-11 06:00:00', 'pendente', NULL),
(41, 16, 41, '2022-09-22 06:00:00', 'pendente', NULL),
(42, 16, 89, '2024-01-13 06:00:00', 'corrigido', '2024-01-25 13:00:00'),
(43, 17, 16, '2024-09-15 06:00:00', 'pendente', NULL),
(44, 17, 95, '2024-05-24 06:00:00', 'corrigido', '2024-05-28 16:00:00'),
(45, 17, 31, '2024-09-25 06:00:00', 'pendente', NULL),
(46, 18, 5, '2023-09-12 06:00:00', 'pendente', NULL),
(47, 18, 8, '2023-06-01 06:00:00', 'corrigido', '2023-06-13 10:00:00'),
(48, 18, 33, '2022-07-16 06:00:00', 'pendente', NULL),
(49, 19, 5, '2022-01-08 06:00:00', 'ignorado', '2022-01-24 14:00:00'),
(50, 19, 32, '2024-02-17 06:00:00', 'corrigido', '2024-02-22 09:00:00'),
(51, 19, 34, '2023-07-22 06:00:00', 'pendente', NULL),
(52, 19, 39, '2024-06-26 06:00:00', 'corrigido', '2024-06-28 16:00:00'),
(53, 19, 75, '2023-02-07 06:00:00', 'ignorado', '2023-02-13 11:00:00'),
(54, 20, 48, '2024-08-11 06:00:00', 'ignorado', '2024-08-25 12:00:00'),
(55, 21, 28, '2023-05-28 06:00:00', 'pendente', NULL),
(56, 21, 27, '2022-11-10 06:00:00', 'ignorado', '2022-11-14 12:00:00'),
(57, 21, 47, '2024-02-23 06:00:00', 'corrigido', '2024-02-28 17:00:00'),
(58, 22, 94, '2024-03-01 06:00:00', 'corrigido', '2024-03-21 17:00:00'),
(59, 22, 41, '2022-08-04 06:00:00', 'pendente', NULL),
(60, 23, 41, '2023-04-27 06:00:00', 'pendente', NULL),
(61, 23, 71, '2024-01-03 06:00:00', 'corrigido', '2024-01-10 10:00:00'),
(62, 23, 67, '2024-01-15 06:00:00', 'ignorado', '2024-01-28 15:00:00'),
(63, 23, 73, '2024-11-14 06:00:00', 'pendente', NULL),
(64, 23, 74, '2024-03-09 06:00:00', 'pendente', NULL),
(65, 26, 42, '2024-08-14 06:00:00', 'corrigido', '2024-08-18 10:00:00'),
(66, 26, 86, '2023-03-14 06:00:00', 'ignorado', '2023-03-24 17:00:00'),
(67, 27, 89, '2022-08-18 06:00:00', 'corrigido', '2022-08-28 14:00:00'),
(68, 27, 88, '2023-07-09 06:00:00', 'corrigido', '2023-07-19 09:00:00'),
(69, 27, 29, '2024-08-17 06:00:00', 'ignorado', '2024-08-27 11:00:00'),
(70, 28, 43, '2022-05-18 06:00:00', 'pendente', NULL),
(71, 29, 8, '2022-06-27 06:00:00', 'pendente', NULL),
(72, 29, 33, '2023-10-11 06:00:00', 'corrigido', '2023-10-14 14:00:00'),
(73, 29, 92, '2023-04-27 06:00:00', 'corrigido', '2023-04-28 13:00:00'),
(74, 30, 17, '2024-01-03 06:00:00', 'ignorado', '2024-01-13 09:00:00'),
(75, 30, 38, '2022-10-07 06:00:00', 'corrigido', '2022-10-15 14:00:00'),
(76, 30, 39, '2023-01-01 06:00:00', 'pendente', NULL),
(77, 31, 1, '2022-06-23 06:00:00', 'corrigido', '2022-06-28 14:00:00'),
(78, 31, 34, '2024-03-06 06:00:00', 'corrigido', '2024-03-24 14:00:00'),
(79, 31, 40, '2023-09-23 06:00:00', 'ignorado', '2023-09-28 12:00:00'),
(80, 32, 17, '2024-05-24 06:00:00', 'pendente', NULL),
(81, 32, 92, '2023-01-23 06:00:00', 'corrigido', '2023-01-27 11:00:00'),
(82, 32, 79, '2023-04-21 06:00:00', 'corrigido', '2023-04-28 14:00:00'),
(83, 33, 94, '2023-06-06 06:00:00', 'pendente', NULL),
(84, 34, 4, '2024-01-09 06:00:00', 'pendente', NULL),
(85, 34, 39, '2025-02-24 06:00:00', 'corrigido', '2025-02-28 15:00:00'),
(86, 34, 91, '2023-08-13 06:00:00', 'corrigido', '2023-08-19 16:00:00'),
(87, 34, 77, '2023-08-03 06:00:00', 'pendente', NULL),
(88, 35, 16, '2022-06-09 06:00:00', 'pendente', NULL),
(89, 35, 109, '2023-07-06 06:00:00', 'ignorado', '2023-07-11 14:00:00'),
(90, 35, 79, '2023-07-21 06:00:00', 'corrigido', '2023-07-28 09:00:00'),
(91, 35, 77, '2023-02-11 06:00:00', 'pendente', NULL),
(92, 36, 19, '2025-05-08 06:00:00', 'corrigido', '2025-05-28 16:00:00'),
(93, 36, 18, '2025-03-02 06:00:00', 'corrigido', '2025-03-07 13:00:00'),
(94, 37, 13, '2025-01-07 06:00:00', 'pendente', NULL),
(95, 37, 15, '2024-02-16 06:00:00', 'pendente', NULL),
(96, 38, 2, '2024-11-09 06:00:00', 'ignorado', '2024-11-24 11:00:00'),
(97, 38, 1, '2024-06-13 06:00:00', 'corrigido', '2024-06-17 13:00:00'),
(98, 38, 37, '2023-04-27 06:00:00', 'pendente', NULL),
(99, 38, 36, '2022-03-25 06:00:00', 'pendente', NULL),
(100, 38, 59, '2024-07-25 06:00:00', 'ignorado', '2024-07-28 15:00:00'),
(101, 38, 74, '2024-08-10 06:00:00', 'pendente', NULL),
(102, 38, 73, '2023-09-19 06:00:00', 'ignorado', '2023-09-26 10:00:00'),
(103, 39, 6, '2025-04-26 06:00:00', 'pendente', NULL),
(104, 39, 5, '2024-07-03 06:00:00', 'corrigido', '2024-07-12 11:00:00'),
(105, 39, 42, '2024-12-26 06:00:00', 'corrigido', '2024-12-28 15:00:00'),
(106, 39, 107, '2024-09-15 06:00:00', 'pendente', NULL),
(107, 39, 67, '2023-03-05 06:00:00', 'ignorado', '2023-03-11 10:00:00'),
(108, 39, 68, '2024-10-25 06:00:00', 'pendente', NULL),
(109, 40, 17, '2024-05-13 06:00:00', 'ignorado', '2024-05-28 09:00:00'),
(110, 40, 88, '2024-07-05 06:00:00', 'corrigido', '2024-07-09 15:00:00'),
(111, 40, 41, '2025-01-24 06:00:00', 'pendente', NULL),
(112, 40, 57, '2024-06-27 06:00:00', 'pendente', NULL),
(113, 40, 68, '2025-12-22 06:00:00', 'pendente', NULL),
(114, 40, 78, '2023-12-15 06:00:00', 'corrigido', '2023-12-26 15:00:00'),
(115, 41, 42, '2023-04-27 06:00:00', 'corrigido', '2023-04-28 14:00:00'),
(116, 41, 67, '2023-05-23 06:00:00', 'pendente', NULL),
(117, 44, 6, '2024-04-27 06:00:00', 'pendente', NULL),
(118, 44, 90, '2024-12-07 06:00:00', 'corrigido', '2024-12-26 15:00:00'),
(119, 44, 91, '2023-11-04 06:00:00', 'pendente', NULL),
(120, 44, 65, '2025-10-15 06:00:00', 'corrigido', '2025-10-28 14:00:00'),
(121, 45, 6, '2024-05-24 06:00:00', 'pendente', NULL),
(122, 45, 105, '2023-07-02 06:00:00', 'ignorado', '2023-07-11 12:00:00'),
(123, 45, 75, '2023-05-21 06:00:00', 'pendente', NULL),
(124, 46, 43, '2025-10-26 06:00:00', 'pendente', NULL),
(125, 46, 44, '2024-10-26 06:00:00', 'pendente', NULL),
(126, 46, 108, '2025-08-09 06:00:00', 'pendente', NULL),
(127, 46, 106, '2024-11-17 06:00:00', 'corrigido', '2024-11-23 09:00:00'),
(128, 47, 17, '2023-05-22 06:00:00', 'pendente', NULL),
(129, 47, 30, '2024-11-11 06:00:00', 'pendente', NULL),
(130, 47, 43, '2023-03-17 06:00:00', 'pendente', NULL),
(131, 47, 76, '2022-12-01 06:00:00', 'pendente', NULL),
(132, 47, 75, '2023-05-14 06:00:00', 'pendente', NULL),
(133, 48, 2, '2023-12-23 06:00:00', 'ignorado', '2023-12-28 14:00:00'),
(134, 48, 38, '2025-11-18 06:00:00', 'pendente', NULL),
(135, 48, 36, '2023-12-26 06:00:00', 'pendente', NULL),
(136, 48, 37, '2023-11-11 06:00:00', 'pendente', NULL),
(137, 49, 6, '2023-12-28 06:00:00', 'corrigido', '2023-12-28 13:00:00'),
(138, 49, 37, '2023-02-16 06:00:00', 'ignorado', '2023-02-21 16:00:00'),
(139, 50, 5, '2024-11-13 06:00:00', 'corrigido', '2024-11-17 11:00:00'),
(140, 50, 36, '2022-06-14 06:00:00', 'corrigido', '2022-06-21 14:00:00'),
(141, 50, 73, '2024-08-11 06:00:00', 'pendente', NULL),
(142, 51, 1, '2024-01-15 06:00:00', 'pendente', NULL),
(143, 51, 94, '2024-02-05 06:00:00', 'corrigido', '2024-02-20 15:00:00'),
(144, 51, 108, '2025-01-18 06:00:00', 'corrigido', '2025-01-21 14:00:00'),
(145, 51, 105, '2025-09-07 06:00:00', 'pendente', NULL),
(146, 51, 57, '2025-12-12 06:00:00', 'pendente', NULL),
(147, 52, 7, '2023-02-27 06:00:00', 'pendente', NULL),
(148, 52, 5, '2022-08-24 06:00:00', 'ignorado', '2022-08-28 15:00:00'),
(149, 52, 88, '2022-08-12 06:00:00', 'pendente', NULL),
(150, 52, 83, '2023-04-24 06:00:00', 'pendente', NULL),
(151, 52, 86, '2023-12-01 06:00:00', 'pendente', NULL),
(152, 52, 69, '2025-07-21 06:00:00', 'ignorado', '2025-07-25 09:00:00'),
(153, 54, 108, '2024-02-18 06:00:00', 'pendente', NULL),
(154, 54, 106, '2023-04-23 06:00:00', 'pendente', NULL),
(155, 54, 91, '2022-11-04 06:00:00', 'pendente', NULL),
(156, 55, 14, '2022-02-17 06:00:00', 'pendente', NULL),
(157, 56, 24, '2025-02-16 06:00:00', 'pendente', NULL),
(158, 57, 27, '2024-06-23 06:00:00', 'pendente', NULL),
(159, 57, 77, '2023-06-08 06:00:00', 'pendente', NULL),
(160, 57, 78, '2022-02-27 06:00:00', 'corrigido', '2022-02-28 10:00:00'),
(161, 58, 95, '2023-04-15 06:00:00', 'pendente', NULL),
(162, 58, 63, '2024-01-04 06:00:00', 'pendente', NULL),
(163, 58, 65, '2025-11-11 06:00:00', 'pendente', NULL),
(164, 59, 69, '2024-06-12 06:00:00', 'ignorado', '2024-06-23 10:00:00'),
(165, 59, 58, '2024-03-04 06:00:00', 'corrigido', '2024-03-15 15:00:00'),
(166, 59, 76, '2024-02-05 06:00:00', 'pendente', NULL),
(167, 59, 75, '2025-03-04 06:00:00', 'ignorado', '2025-03-22 16:00:00'),
(168, 62, 17, '2024-06-20 06:00:00', 'pendente', NULL),
(169, 62, 91, '2024-07-15 06:00:00', 'pendente', NULL),
(170, 62, 90, '2024-11-11 06:00:00', 'ignorado', '2024-11-21 14:00:00'),
(171, 63, 3, '2022-06-22 06:00:00', 'corrigido', '2022-06-28 17:00:00'),
(172, 63, 4, '2023-10-02 06:00:00', 'pendente', NULL),
(173, 63, 110, '2023-02-25 06:00:00', 'pendente', NULL),
(174, 63, 109, '2023-06-09 06:00:00', 'pendente', NULL),
(175, 63, 44, '2024-02-15 06:00:00', 'ignorado', '2024-02-28 10:00:00'),
(176, 63, 43, '2024-08-15 06:00:00', 'corrigido', '2024-08-18 10:00:00'),
(177, 63, 74, '2023-09-18 06:00:00', 'pendente', NULL),
(178, 63, 73, '2022-10-20 06:00:00', 'ignorado', '2022-10-28 12:00:00'),
(179, 64, 4, '2023-01-27 06:00:00', 'corrigido', '2023-01-28 17:00:00'),
(180, 64, 3, '2023-10-20 06:00:00', 'corrigido', '2023-10-28 10:00:00'),
(181, 64, 105, '2022-06-12 06:00:00', 'pendente', NULL),
(182, 65, 16, '2024-01-06 06:00:00', 'corrigido', '2024-01-12 13:00:00'),
(183, 65, 106, '2024-02-28 06:00:00', 'corrigido', '2024-02-28 14:00:00'),
(184, 65, 73, '2022-08-15 06:00:00', 'ignorado', '2022-08-22 16:00:00'),
(185, 65, 74, '2022-01-17 06:00:00', 'ignorado', '2022-01-28 16:00:00'),
(186, 66, 1, '2025-12-27 06:00:00', 'corrigido', '2025-12-28 17:00:00'),
(187, 66, 94, '2022-05-13 06:00:00', 'pendente', NULL),
(188, 66, 93, '2023-08-26 06:00:00', 'corrigido', '2023-08-28 13:00:00'),
(189, 66, 89, '2022-12-18 06:00:00', 'pendente', NULL),
(190, 67, 2, '2023-11-12 06:00:00', 'pendente', NULL),
(191, 67, 31, '2023-09-23 06:00:00', 'pendente', NULL),
(192, 67, 72, '2023-10-19 06:00:00', 'corrigido', '2023-10-28 13:00:00'),
(193, 68, 5, '2024-02-01 06:00:00', 'pendente', NULL),
(194, 68, 7, '2024-11-02 06:00:00', 'pendente', NULL),
(195, 68, 44, '2024-03-27 06:00:00', 'pendente', NULL),
(196, 68, 69, '2024-06-27 06:00:00', 'ignorado', '2024-06-28 12:00:00'),
(197, 69, 3, '2025-12-22 06:00:00', 'corrigido', '2025-12-28 15:00:00'),
(198, 69, 4, '2024-11-11 06:00:00', 'pendente', NULL),
(199, 69, 71, '2023-10-28 06:00:00', 'corrigido', '2023-10-28 14:00:00'),
(200, 69, 66, '2023-04-10 06:00:00', 'pendente', NULL),
(201, 70, 3, '2025-12-17 06:00:00', 'pendente', NULL),
(202, 70, 37, '2024-03-06 06:00:00', 'pendente', NULL),
(203, 70, 36, '2025-01-11 06:00:00', 'pendente', NULL),
(204, 70, 74, '2022-10-02 06:00:00', 'ignorado', '2022-10-14 16:00:00'),
(205, 71, 16, '2024-12-11 06:00:00', 'pendente', NULL),
(206, 71, 72, '2024-09-18 06:00:00', 'corrigido', '2024-09-28 12:00:00'),
(207, 71, 62, '2024-06-10 06:00:00', 'ignorado', '2024-06-28 16:00:00'),
(208, 72, 65, '2023-04-21 06:00:00', 'ignorado', '2023-04-28 09:00:00'),
(209, 72, 76, '2024-02-13 06:00:00', 'pendente', NULL),
(210, 73, 31, '2025-09-15 06:00:00', 'pendente', NULL),
(211, 73, 91, '2022-09-03 06:00:00', 'pendente', NULL),
(212, 74, 18, '2024-11-14 06:00:00', 'pendente', NULL),
(213, 74, 47, '2022-01-15 06:00:00', 'pendente', NULL),
(214, 74, 48, '2023-02-03 06:00:00', 'pendente', NULL),
(215, 75, 76, '2025-07-13 06:00:00', 'corrigido', '2025-07-28 14:00:00'),
(216, 76, 89, '2023-09-01 06:00:00', 'ignorado', '2023-09-06 09:00:00'),
(217, 76, 87, '2024-12-28 06:00:00', 'ignorado', '2024-12-28 13:00:00'),
(218, 76, 60, '2024-05-25 06:00:00', 'corrigido', '2024-05-28 09:00:00'),
(219, 76, 69, '2023-03-24 06:00:00', 'ignorado', '2023-03-28 11:00:00'),
(220, 76, 70, '2022-05-22 06:00:00', 'corrigido', '2022-05-25 17:00:00'),
(221, 77, 5, '2024-01-01 06:00:00', 'corrigido', '2024-01-21 17:00:00'),
(222, 77, 64, '2024-12-24 06:00:00', 'corrigido', '2024-12-28 15:00:00'),
(223, 77, 77, '2024-03-08 06:00:00', 'pendente', NULL),
(224, 79, 13, '2023-03-22 06:00:00', 'pendente', NULL),
(225, 79, 82, '2023-05-22 06:00:00', 'pendente', NULL),
(226, 79, 80, '2022-04-24 06:00:00', 'corrigido', '2022-04-28 11:00:00'),
(227, 80, 16, '2023-05-20 06:00:00', 'pendente', NULL),
(228, 80, 42, '2024-08-11 06:00:00', 'pendente', NULL),
(229, 80, 31, '2023-10-12 06:00:00', 'corrigido', '2023-10-20 09:00:00'),
(230, 81, 6, '2023-04-23 06:00:00', 'corrigido', '2023-04-28 14:00:00'),
(231, 81, 95, '2023-12-11 06:00:00', 'corrigido', '2023-12-28 14:00:00'),
(232, 82, 8, '2024-09-04 06:00:00', 'ignorado', '2024-09-09 13:00:00'),
(233, 82, 33, '2024-05-24 06:00:00', 'pendente', NULL),
(234, 83, 84, '2022-09-09 06:00:00', 'ignorado', '2022-09-27 11:00:00'),
(235, 83, 83, '2023-06-13 06:00:00', 'ignorado', '2023-06-25 11:00:00'),
(236, 83, 105, '2024-06-17 06:00:00', 'pendente', NULL),
(237, 83, 106, '2024-10-22 06:00:00', 'ignorado', '2024-10-28 16:00:00'),
(238, 83, 73, '2024-10-19 06:00:00', 'pendente', NULL),
(239, 84, 7, '2024-04-25 06:00:00', 'pendente', NULL),
(240, 84, 5, '2024-05-12 06:00:00', 'pendente', NULL),
(241, 84, 35, '2022-08-15 06:00:00', 'pendente', NULL),
(242, 84, 87, '2023-12-17 06:00:00', 'pendente', NULL),
(243, 84, 75, '2024-07-21 06:00:00', 'ignorado', '2024-07-26 17:00:00'),
(244, 85, 8, '2024-04-17 06:00:00', 'corrigido', '2024-04-28 16:00:00'),
(245, 85, 35, '2025-03-08 06:00:00', 'pendente', NULL),
(246, 85, 73, '2024-03-06 06:00:00', 'pendente', NULL),
(247, 86, 4, '2023-06-24 06:00:00', 'corrigido', '2023-06-28 12:00:00'),
(248, 86, 86, '2024-01-08 06:00:00', 'ignorado', '2024-01-16 11:00:00'),
(249, 86, 73, '2022-03-09 06:00:00', 'ignorado', '2022-03-24 09:00:00'),
(250, 87, 16, '2024-04-15 06:00:00', 'corrigido', '2024-04-28 11:00:00'),
(251, 87, 88, '2024-10-05 06:00:00', 'pendente', NULL),
(252, 87, 33, '2025-12-22 06:00:00', 'corrigido', '2025-12-27 12:00:00'),
(253, 87, 76, '2024-02-01 06:00:00', 'ignorado', '2024-02-17 11:00:00'),
(254, 87, 75, '2024-10-04 06:00:00', 'ignorado', '2024-10-08 17:00:00'),
(255, 88, 82, '2022-10-18 06:00:00', 'corrigido', '2022-10-28 15:00:00'),
(256, 88, 80, '2023-06-28 06:00:00', 'ignorado', '2023-06-28 12:00:00'),
(257, 89, 12, '2022-10-26 06:00:00', 'ignorado', '2022-10-28 15:00:00'),
(258, 89, 10, '2023-03-09 06:00:00', 'pendente', NULL),
(259, 90, 2, '2025-05-07 06:00:00', 'pendente', NULL),
(260, 90, 69, '2024-07-12 06:00:00', 'corrigido', '2024-07-23 13:00:00'),
(261, 90, 70, '2023-09-14 06:00:00', 'ignorado', '2023-09-25 15:00:00'),
(262, 90, 58, '2022-09-26 06:00:00', 'pendente', NULL),
(263, 91, 8, '2022-05-10 06:00:00', 'corrigido', '2022-05-17 10:00:00'),
(264, 91, 110, '2024-12-06 06:00:00', 'ignorado', '2024-12-21 14:00:00'),
(265, 91, 63, '2023-11-01 06:00:00', 'pendente', NULL),
(266, 91, 66, '2025-02-03 06:00:00', 'corrigido', '2025-02-08 09:00:00'),
(267, 91, 65, '2024-12-13 06:00:00', 'corrigido', '2024-12-28 13:00:00'),
(268, 94, 86, '2023-08-01 06:00:00', 'ignorado', '2023-08-13 12:00:00'),
(269, 94, 97, '2025-11-02 06:00:00', 'pendente', NULL),
(270, 95, 3, '2023-05-25 06:00:00', 'corrigido', '2023-05-28 12:00:00'),
(271, 96, 17, '2023-06-27 06:00:00', 'ignorado', '2023-06-28 16:00:00'),
(272, 96, 43, '2024-03-14 06:00:00', 'ignorado', '2024-03-19 17:00:00'),
(273, 96, 44, '2024-05-11 06:00:00', 'ignorado', '2024-05-22 17:00:00'),
(274, 96, 86, '2023-07-19 06:00:00', 'pendente', NULL),
(275, 97, 17, '2023-11-15 06:00:00', 'pendente', NULL),
(276, 97, 87, '2024-02-13 06:00:00', 'pendente', NULL),
(277, 97, 88, '2025-11-23 06:00:00', 'corrigido', '2025-11-28 14:00:00'),
(278, 98, 16, '2025-05-03 06:00:00', 'corrigido', '2025-05-08 17:00:00'),
(279, 98, 44, '2025-06-12 06:00:00', 'ignorado', '2025-06-23 11:00:00'),
(280, 98, 74, '2025-12-07 06:00:00', 'pendente', NULL),
(281, 99, 16, '2023-04-07 06:00:00', 'ignorado', '2023-04-21 11:00:00'),
(282, 100, 92, '2023-09-02 06:00:00', 'corrigido', '2023-09-15 16:00:00'),
(283, 100, 90, '2024-10-28 06:00:00', 'pendente', NULL),
(284, 100, 78, '2023-04-25 06:00:00', 'pendente', NULL),
(285, 100, 104, '2024-09-12 06:00:00', 'pendente', NULL),
(286, 100, 103, '2023-08-04 06:00:00', 'corrigido', '2023-08-17 09:00:00'),
(287, 101, 39, '2024-10-04 06:00:00', 'ignorado', '2024-10-15 11:00:00'),
(288, 101, 75, '2024-05-16 06:00:00', 'corrigido', '2024-05-28 11:00:00'),
(289, 101, 101, '2024-07-23 06:00:00', 'corrigido', '2024-07-28 13:00:00'),
(290, 101, 100, '2024-08-06 06:00:00', 'ignorado', '2024-08-16 10:00:00'),
(291, 102, 3, '2024-09-14 06:00:00', 'pendente', NULL),
(292, 102, 31, '2022-03-16 06:00:00', 'pendente', NULL),
(293, 102, 42, '2023-11-17 06:00:00', 'corrigido', '2023-11-28 13:00:00'),
(294, 102, 41, '2023-05-18 06:00:00', 'pendente', NULL),
(295, 102, 100, '2024-01-07 06:00:00', 'corrigido', '2024-01-13 16:00:00'),
(296, 102, 102, '2025-12-11 06:00:00', 'corrigido', '2025-12-28 17:00:00'),
(297, 103, 4, '2025-01-14 06:00:00', 'ignorado', '2025-01-23 17:00:00'),
(298, 103, 30, '2024-06-11 06:00:00', 'corrigido', '2024-06-28 10:00:00'),
(299, 103, 76, '2024-11-05 06:00:00', 'corrigido', '2024-11-21 15:00:00'),
(300, 103, 75, '2025-02-03 06:00:00', 'pendente', NULL),
(301, 104, 7, '2022-11-10 06:00:00', 'ignorado', '2022-11-25 13:00:00'),
(302, 104, 34, '2023-10-17 06:00:00', 'corrigido', '2023-10-25 11:00:00'),
(303, 104, 35, '2023-01-05 06:00:00', 'pendente', NULL),
(304, 105, 109, '2025-07-04 06:00:00', 'corrigido', '2025-07-24 09:00:00'),
(305, 107, 3, '2024-05-20 06:00:00', 'corrigido', '2024-05-28 12:00:00'),
(306, 107, 4, '2024-04-24 06:00:00', 'pendente', NULL),
(307, 107, 43, '2023-01-02 06:00:00', 'corrigido', '2023-01-20 16:00:00'),
(308, 107, 72, '2022-03-23 06:00:00', 'ignorado', '2022-03-28 15:00:00'),
(309, 108, 7, '2024-08-18 06:00:00', 'pendente', NULL),
(310, 108, 91, '2024-07-09 06:00:00', 'pendente', NULL),
(311, 108, 92, '2023-01-17 06:00:00', 'pendente', NULL),
(312, 108, 62, '2024-08-18 06:00:00', 'corrigido', '2024-08-28 13:00:00'),
(313, 110, 110, '2025-01-18 06:00:00', 'corrigido', '2025-01-28 15:00:00'),
(314, 110, 109, '2025-07-08 06:00:00', 'corrigido', '2025-07-23 12:00:00'),
(315, 110, 38, '2023-07-21 06:00:00', 'ignorado', '2023-07-28 13:00:00'),
(316, 110, 74, '2025-04-28 06:00:00', 'pendente', NULL),
(317, 111, 3, '2024-11-15 06:00:00', 'pendente', NULL),
(318, 111, 109, '2023-01-05 06:00:00', 'ignorado', '2023-01-08 11:00:00'),
(319, 111, 110, '2023-02-10 06:00:00', 'corrigido', '2023-02-13 12:00:00'),
(320, 111, 77, '2025-08-07 06:00:00', 'pendente', NULL),
(321, 112, 4, '2024-12-26 06:00:00', 'pendente', NULL),
(322, 112, 3, '2024-03-02 06:00:00', 'corrigido', '2024-03-07 17:00:00'),
(323, 112, 36, '2025-05-27 06:00:00', 'pendente', NULL),
(324, 112, 37, '2024-02-25 06:00:00', 'corrigido', '2024-02-28 12:00:00'),
(325, 113, 17, '2024-12-25 06:00:00', 'pendente', NULL),
(326, 113, 86, '2025-05-11 06:00:00', 'pendente', NULL),
(327, 113, 85, '2024-12-18 06:00:00', 'pendente', NULL),
(328, 113, 72, '2023-06-02 06:00:00', 'pendente', NULL),
(329, 113, 71, '2023-02-08 06:00:00', 'corrigido', '2023-02-11 11:00:00'),
(330, 113, 66, '2022-02-13 06:00:00', 'pendente', NULL),
(331, 114, 36, '2024-02-08 06:00:00', 'pendente', NULL),
(332, 114, 37, '2024-11-20 06:00:00', 'pendente', NULL),
(333, 116, 3, '2022-12-18 06:00:00', 'pendente', NULL),
(334, 116, 84, '2023-09-26 06:00:00', 'corrigido', '2023-09-28 12:00:00'),
(335, 116, 86, '2024-01-23 06:00:00', 'pendente', NULL),
(336, 116, 36, '2025-08-23 06:00:00', 'pendente', NULL),
(337, 117, 16, '2023-09-12 06:00:00', 'corrigido', '2023-09-23 17:00:00'),
(338, 117, 17, '2022-03-03 06:00:00', 'corrigido', '2022-03-15 13:00:00'),
(339, 117, 37, '2024-01-25 06:00:00', 'corrigido', '2024-01-28 09:00:00'),
(340, 117, 41, '2023-06-24 06:00:00', 'ignorado', '2023-06-28 12:00:00'),
(341, 117, 79, '2025-10-10 06:00:00', 'corrigido', '2025-10-16 10:00:00'),
(342, 117, 77, '2025-09-22 06:00:00', 'pendente', NULL),
(343, 118, 1, '2023-04-04 06:00:00', 'pendente', NULL),
(344, 118, 40, '2024-09-20 06:00:00', 'pendente', NULL),
(345, 118, 39, '2025-01-12 06:00:00', 'pendente', NULL),
(346, 119, 92, '2025-08-27 06:00:00', 'pendente', NULL),
(347, 119, 74, '2022-06-26 06:00:00', 'ignorado', '2022-06-28 17:00:00'),
(348, 120, 36, '2023-04-17 06:00:00', 'pendente', NULL),
(349, 120, 73, '2025-09-22 06:00:00', 'pendente', NULL),
(350, 120, 74, '2024-09-24 06:00:00', 'pendente', NULL),
(351, 1, 114, '2024-11-15 06:00:00', 'corrigido', '2024-11-21 11:00:00'),
(352, 2, 112, '2023-09-11 06:00:00', 'ignorado', '2023-09-28 14:00:00'),
(353, 2, 126, '2022-06-14 06:00:00', 'corrigido', '2022-06-27 12:00:00'),
(354, 3, 154, '2023-07-25 06:00:00', 'pendente', NULL),
(355, 4, 142, '2023-08-13 06:00:00', 'pendente', NULL),
(356, 10, 141, '2024-09-05 06:00:00', 'pendente', NULL),
(357, 14, 137, '2024-04-28 06:00:00', 'pendente', NULL),
(358, 16, 141, '2023-02-02 06:00:00', 'pendente', NULL),
(359, 20, 126, '2025-10-08 06:00:00', 'pendente', NULL),
(360, 21, 123, '2024-10-07 06:00:00', 'corrigido', '2024-10-25 11:00:00'),
(361, 23, 153, '2022-12-19 06:00:00', 'pendente', NULL),
(362, 27, 133, '2022-01-24 06:00:00', 'corrigido', '2022-01-28 09:00:00'),
(363, 29, 139, '2024-07-14 06:00:00', 'pendente', NULL),
(364, 36, 115, '2023-11-25 06:00:00', 'pendente', NULL),
(365, 36, 127, '2022-06-18 06:00:00', 'corrigido', '2022-06-28 12:00:00'),
(366, 38, 131, '2023-07-15 06:00:00', 'ignorado', '2023-07-28 10:00:00'),
(367, 55, 120, '2024-07-05 06:00:00', 'pendente', NULL),
(368, 55, 124, '2024-09-13 06:00:00', 'corrigido', '2024-09-28 15:00:00'),
(369, 56, 113, '2022-03-16 06:00:00', 'corrigido', '2022-03-28 12:00:00'),
(370, 56, 125, '2024-04-03 06:00:00', 'corrigido', '2024-04-16 10:00:00'),
(371, 57, 124, '2025-07-12 06:00:00', 'corrigido', '2025-07-26 09:00:00'),
(372, 66, 137, '2022-06-20 06:00:00', 'corrigido', '2022-06-27 16:00:00'),
(373, 75, 114, '2024-03-25 06:00:00', 'pendente', NULL),
(374, 79, 113, '2022-04-20 06:00:00', 'pendente', NULL),
(375, 80, 156, '2023-05-15 06:00:00', 'corrigido', '2023-05-24 17:00:00'),
(376, 84, 153, '2024-05-18 06:00:00', 'pendente', NULL),
(377, 88, 118, '2025-11-01 06:00:00', 'ignorado', '2025-11-05 13:00:00'),
(378, 89, 124, '2025-12-20 06:00:00', 'corrigido', '2025-12-23 10:00:00'),
(379, 91, 133, '2024-11-28 06:00:00', 'corrigido', '2024-11-28 09:00:00'),
(380, 97, 150, '2022-04-13 06:00:00', 'pendente', NULL),
(381, 100, 155, '2024-10-18 06:00:00', 'pendente', NULL),
(382, 101, 157, '2024-09-23 06:00:00', 'pendente', NULL),
(383, 106, 114, '2024-06-16 06:00:00', 'pendente', NULL),
(384, 113, 140, '2023-06-12 06:00:00', 'pendente', NULL),
(385, 114, 142, '2024-01-21 06:00:00', 'corrigido', '2024-01-24 17:00:00'),
(386, 117, 134, '2022-03-11 06:00:00', 'pendente', NULL),
(387, 96, 152, '2025-09-22 06:00:00', 'pendente', NULL),
(388, 49, 129, '2026-10-05 06:00:00', 'pendente', NULL);

INSERT INTO movimentacao_equipamento (id, equipamento_id, departamento_origem_id, departamento_destino_id, data, motivo) VALUES
(1, 10, 2, 4, '2024-08-01 10:00:00', 'Realocação por reestruturação departamental'),
(2, 28, 8, 9, '2024-09-10 11:00:00', 'Notebook repassado para o suporte técnico interno'),
(3, 44, 12, 15, '2024-09-15 13:30:00', 'Estação realocada para o time de pesquisa'),
(4, 62, 18, 19, '2024-10-01 09:00:00', 'Máquina redirecionada para reforçar o suporte'),
(5, 83, 25, 24, '2024-10-05 14:00:00', 'Equipamento movido para o financeiro'),
(6, 94, 28, 30, '2024-10-10 10:00:00', 'Equipamento movido para a bancada de manutenção'),
(7, 113, 35, 33, '2024-10-15 09:30:00', 'Desktop com defeito enviado para a TI');
